coo: 51.9254352_4.4753878;E 00:00:00;A 00:00:00;E 01:00:00;A 01:00:00;E 02:00:00;A 02:00:00;E 03:00:00;A 03:00:00;E 04:00:00;A 04:00:00;E 05:00:00;A 05:00:00;E 06:00:00;A 06:00:00;E 07:00:00;A 07:00:00;E 08:00:00;A 08:00:00;E 09:00:00;A 09:00:00;E 10:00:00;A 10:00:00;E 11:00:00;A 11:00:00;E 12:00:00;A 12:00:00;E 13:00:00;A 13:00:00;E 14:00:00;A 14:00:00;E 15:00:00;A 15:00:00;E 16:00:00;A 16:00:00;E 17:00:00;A 17:00:00;E 18:00:00;A 18:00:00;E 19:00:00;A 19:00:00;E 20:00:00;A 20:00:00;E 21:00:00;A 21:00:00;E 22:00:00;A 22:00:00;E 23:00:00;A 23:00:00;
2024-01-01;--;--;--;--;--;--;--;--;--;--;--;--;--;--;--;--;0.38;130.00;6.78;142.24;11.58;155.35;14.40;169.21;14.99;183.46;13.30;197.59;9.49;211.12;3.87;223.81;--;--;--;--;--;--;--;--;--;--;--;--;--;--;--;--;
2024-01-02;--;--;--;--;--;--;--;--;--;--;--;--;--;--;--;--;0.39;129.86;6.82;142.11;11.63;155.22;14.47;169.09;15.08;183.36;13.41;197.50;9.61;211.04;4.00;223.75;--;--;--;--;--;--;--;--;--;--;--;--;--;--;--;--;
2024-01-03;--;--;--;--;--;--;--;--;--;--;--;--;--;--;--;--;0.41;129.72;6.85;141.97;11.69;155.09;14.54;168.97;15.17;183.25;13.52;197.41;9.73;210.97;4.13;223.70;--;--;--;--;--;--;--;--;--;--;--;--;--;--;--;--;
2024-01-04;--;--;--;--;--;--;--;--;--;--;--;--;--;--;--;--;0.44;129.58;6.90;141.84;11.75;154.96;14.63;168.85;15.28;183.14;13.64;197.32;9.86;210.91;4.27;223.65;--;--;--;--;--;--;--;--;--;--;--;--;--;--;--;--;
2024-01-05;--;--;--;--;--;--;--;--;--;--;--;--;--;--;--;--;0.48;129.44;6.95;141.70;11.82;154.83;14.72;168.73;15.39;183.04;13.77;197.24;10.00;210.85;4.41;223.61;--;--;--;--;--;--;--;--;--;--;--;--;--;--;--;--;
2024-01-06;--;--;--;--;--;--;--;--;--;--;--;--;--;--;--;--;0.53;129.29;7.02;141.55;11.90;154.69;14.82;168.61;15.51;182.94;13.90;197.16;10.14;210.79;4.56;223.57;--;--;--;--;--;--;--;--;--;--;--;--;--;--;--;--;
2024-01-07;--;--;--;--;--;--;--;--;--;--;--;--;--;--;--;--;0.58;129.14;7.08;141.41;11.99;154.56;14.93;168.49;15.63;182.84;14.04;197.08;10.29;210.74;4.72;223.54;--;--;--;--;--;--;--;--;--;--;--;--;--;--;--;--;
2024-01-08;--;--;--;--;--;--;--;--;--;--;--;--;--;--;--;--;0.63;128.99;7.16;141.27;12.09;154.42;15.04;168.37;15.77;182.74;14.18;197.01;10.45;210.69;4.88;223.51;--;--;--;--;--;--;--;--;--;--;--;--;--;--;--;--;
2024-01-09;--;--;--;--;--;--;--;--;--;--;--;--;--;--;--;--;0.70;128.84;7.24;141.12;12.19;154.29;15.16;168.25;15.91;182.64;14.34;196.94;10.61;210.64;5.05;223.49;--;--;--;--;--;--;--;--;--;--;--;--;--;--;--;--;
2024-01-10;--;--;--;--;--;--;--;--;--;--;--;--;--;--;--;--;0.77;128.68;7.33;140.97;12.30;154.15;15.29;168.13;16.05;182.55;14.50;196.87;10.78;210.60;5.22;223.47;--;--;--;--;--;--;--;--;--;--;--;--;--;--;--;--;
2024-01-11;--;--;--;--;--;--;--;--;--;--;--;--;--;--;--;--;0.85;128.52;7.43;140.82;12.41;154.01;15.43;168.01;16.21;182.45;14.66;196.80;10.96;210.56;5.40;223.46;--;--;--;--;--;--;--;--;--;--;--;--;--;--;--;--;
2024-01-12;--;--;--;--;--;--;--;--;--;--;--;--;--;--;--;--;0.94;128.36;7.53;140.67;12.54;153.88;15.57;167.90;16.37;182.36;14.84;196.74;11.14;210.53;5.58;223.45;--;--;--;--;--;--;--;--;--;--;--;--;--;--;--;--;
2024-01-13;--;--;--;--;--;--;--;--;--;--;--;--;--;--;--;--;1.03;128.20;7.65;140.52;12.67;153.74;15.73;167.78;16.53;182.28;15.02;196.69;11.32;210.50;5.77;223.45;--;--;--;--;--;--;--;--;--;--;--;--;--;--;--;--;
2024-01-14;--;--;--;--;--;--;--;--;--;--;--;--;--;--;--;--;1.13;128.04;7.76;140.37;12.81;153.60;15.88;167.67;16.71;182.19;15.20;196.63;11.51;210.48;5.96;223.45;--;--;--;--;--;--;--;--;--;--;--;--;--;--;--;--;
2024-01-15;--;--;--;--;--;--;--;--;--;--;--;--;--;--;--;--;1.24;127.87;7.89;140.21;12.95;153.47;16.05;167.55;16.89;182.11;15.39;196.58;11.71;210.46;6.16;223.46;--;--;--;--;--;--;--;--;--;--;--;--;--;--;--;--;
2024-01-16;--;--;--;--;--;--;--;--;--;--;--;--;--;--;--;--;1.35;127.71;8.02;140.06;13.11;153.33;16.22;167.44;17.08;182.03;15.59;196.53;11.91;210.44;6.36;223.47;-0.66;235.60;--;--;--;--;--;--;--;--;--;--;--;--;--;--;
2024-01-17;--;--;--;--;--;--;--;--;--;--;--;--;--;--;--;--;1.48;127.54;8.16;139.91;13.27;153.19;16.40;167.33;17.27;181.95;15.80;196.49;12.12;210.43;6.57;223.49;-0.45;235.64;--;--;--;--;--;--;--;--;--;--;--;--;--;--;
2024-01-18;--;--;--;--;--;--;--;--;--;--;--;--;--;--;--;--;1.60;127.37;8.31;139.75;13.43;153.06;16.58;167.22;17.47;181.87;16.01;196.45;12.34;210.43;6.78;223.51;-0.25;235.69;--;--;--;--;--;--;--;--;--;--;--;--;--;--;
2024-01-19;--;--;--;--;--;--;--;--;--;--;--;--;--;--;--;--;1.74;127.20;8.46;139.59;13.61;152.92;16.78;167.11;17.68;181.80;16.22;196.42;12.55;210.43;7.00;223.54;-0.03;235.74;--;--;--;--;--;--;--;--;--;--;--;--;--;--;
2024-01-20;--;--;--;--;--;--;--;--;--;--;--;--;--;--;--;--;1.88;127.03;8.62;139.44;13.79;152.79;16.98;167.01;17.89;181.73;16.44;196.38;12.78;210.43;7.22;223.57;0.18;235.79;--;--;--;--;--;--;--;--;--;--;--;--;--;--;
2024-01-21;--;--;--;--;--;--;--;--;--;--;--;--;--;--;--;--;2.03;126.86;8.79;139.28;13.97;152.65;17.18;166.90;18.11;181.66;16.67;196.36;13.01;210.44;7.45;223.61;0.41;235.86;--;--;--;--;--;--;--;--;--;--;--;--;--;--;
2024-01-22;--;--;--;--;--;--;--;--;--;--;--;--;--;--;--;--;2.19;126.68;8.96;139.12;14.17;152.52;17.39;166.80;18.34;181.60;16.90;196.33;13.24;210.45;7.68;223.65;0.63;235.92;--;--;--;--;--;--;--;--;--;--;--;--;--;--;
2024-01-23;--;--;--;--;--;--;--;--;--;--;--;--;--;--;--;--;2.35;126.51;9.14;138.97;14.37;152.38;17.61;166.70;18.57;181.54;17.14;196.31;13.48;210.47;7.91;223.70;0.86;236.00;--;--;--;--;--;--;--;--;--;--;--;--;--;--;
2024-01-24;--;--;--;--;--;--;--;--;--;--;--;--;--;--;--;--;2.52;126.33;9.33;138.81;14.57;152.25;17.84;166.60;18.81;181.48;17.39;196.30;13.72;210.50;8.15;223.76;1.09;236.08;--;--;--;--;--;--;--;--;--;--;--;--;--;--;
2024-01-25;--;--;--;--;--;--;--;--;--;--;--;--;--;--;--;--;2.69;126.16;9.53;138.65;14.79;152.12;18.07;166.50;19.05;181.42;17.64;196.29;13.97;210.52;8.39;223.82;1.33;236.16;--;--;--;--;--;--;--;--;--;--;--;--;--;--;
2024-01-26;--;--;--;--;--;--;--;--;--;--;--;--;--;--;--;--;2.87;125.98;9.73;138.49;15.01;151.99;18.30;166.41;19.30;181.37;17.89;196.28;14.22;210.56;8.64;223.88;1.56;236.25;--;--;--;--;--;--;--;--;--;--;--;--;--;--;
2024-01-27;--;--;--;--;--;--;--;--;--;--;--;--;--;--;--;--;3.06;125.80;9.93;138.34;15.23;151.86;18.55;166.31;19.55;181.32;18.15;196.28;14.48;210.60;8.89;223.96;1.80;236.35;--;--;--;--;--;--;--;--;--;--;--;--;--;--;
2024-01-28;--;--;--;--;--;--;--;--;--;--;--;--;--;--;--;--;3.26;125.63;10.14;138.18;15.47;151.73;18.80;166.22;19.81;181.27;18.41;196.28;14.74;210.64;9.14;224.03;2.05;236.45;--;--;--;--;--;--;--;--;--;--;--;--;--;--;
2024-01-29;--;--;--;--;--;--;--;--;--;--;--;--;--;--;--;--;3.46;125.45;10.36;138.02;15.70;151.60;19.05;166.13;20.08;181.23;18.68;196.28;15.01;210.69;9.40;224.11;2.30;236.56;--;--;--;--;--;--;--;--;--;--;--;--;--;--;
2024-01-30;--;--;--;--;--;--;--;--;--;--;--;--;--;--;--;--;3.66;125.27;10.59;137.86;15.95;151.47;19.31;166.04;20.35;181.19;18.96;196.29;15.28;210.74;9.66;224.20;2.55;236.67;--;--;--;--;--;--;--;--;--;--;--;--;--;--;
2024-01-31;--;--;--;--;--;--;--;--;--;--;--;--;--;--;--;--;3.88;125.09;10.82;137.71;16.20;151.35;19.58;165.96;20.63;181.16;19.23;196.31;15.55;210.80;9.92;224.29;2.80;236.79;--;--;--;--;--;--;--;--;--;--;--;--;--;--;
2024-02-01;--;--;--;--;--;--;--;--;--;--;--;--;--;--;--;--;4.10;124.91;11.06;137.55;16.45;151.22;19.85;165.87;20.91;181.12;19.52;196.32;15.82;210.86;10.19;224.39;3.05;236.91;--;--;--;--;--;--;--;--;--;--;--;--;--;--;
2024-02-02;--;--;--;--;--;--;--;--;--;--;--;--;--;--;--;--;4.32;124.74;11.30;137.40;16.71;151.10;20.13;165.79;21.19;181.09;19.80;196.35;16.11;210.93;10.46;224.50;3.31;237.04;--;--;--;--;--;--;--;--;--;--;--;--;--;--;
2024-02-03;--;--;--;--;--;--;--;--;--;--;--;--;--;--;--;--;4.55;124.56;11.55;137.24;16.98;150.97;20.41;165.71;21.49;181.07;20.09;196.37;16.39;211.00;10.73;224.60;3.57;237.18;--;--;--;--;--;--;--;--;--;--;--;--;--;--;
2024-02-04;--;--;--;--;--;--;--;--;--;--;--;--;--;--;--;--;4.79;124.38;11.80;137.09;17.25;150.85;20.70;165.64;21.78;181.04;20.39;196.40;16.68;211.08;11.01;224.72;3.84;237.32;--;--;--;--;--;--;--;--;--;--;--;--;--;--;
2024-02-05;--;--;--;--;--;--;--;--;--;--;--;--;--;--;--;--;5.03;124.20;12.06;136.93;17.53;150.73;20.99;165.56;22.08;181.02;20.69;196.44;16.97;211.16;11.29;224.84;4.10;237.46;--;--;--;--;--;--;--;--;--;--;--;--;--;--;
2024-02-06;--;--;--;--;--;--;--;--;--;--;--;--;--;--;--;--;5.28;124.02;12.33;136.78;17.82;150.61;21.29;165.49;22.39;181.01;20.99;196.48;17.26;211.25;11.57;224.96;4.37;237.61;--;--;--;--;--;--;--;--;--;--;--;--;--;--;
2024-02-07;--;--;--;--;--;--;--;--;--;--;--;--;--;--;--;--;5.53;123.84;12.60;136.62;18.10;150.50;21.59;165.42;22.70;180.99;21.30;196.52;17.56;211.34;11.85;225.09;4.64;237.77;--;--;--;--;--;--;--;--;--;--;--;--;--;--;
2024-02-08;--;--;--;--;--;--;--;--;--;--;--;--;--;--;--;--;5.79;123.66;12.87;136.47;18.40;150.38;21.90;165.35;23.01;180.98;21.61;196.57;17.86;211.44;12.14;225.23;4.91;237.93;--;--;--;--;--;--;--;--;--;--;--;--;--;--;
2024-02-09;--;--;--;--;--;--;--;--;--;--;--;--;--;--;--;--;6.05;123.49;13.16;136.32;18.70;150.26;22.21;165.29;23.33;180.98;21.93;196.63;18.16;211.55;12.42;225.37;5.18;238.09;--;--;--;--;--;--;--;--;--;--;--;--;--;--;
2024-02-10;--;--;--;--;--;--;--;--;--;--;--;--;--;--;--;--;6.32;123.31;13.44;136.17;19.00;150.15;22.53;165.23;23.65;180.98;22.24;196.68;18.47;211.65;12.71;225.51;5.45;238.26;--;--;--;--;--;--;--;--;--;--;--;--;--;--;
2024-02-11;--;--;--;--;--;--;--;--;--;--;--;--;--;--;--;--;6.60;123.13;13.73;136.02;19.31;150.04;22.85;165.17;23.98;180.98;22.56;196.74;18.78;211.77;13.01;225.66;5.73;238.44;--;--;--;--;--;--;--;--;--;--;--;--;--;--;
2024-02-12;--;--;--;--;--;--;--;--;--;--;--;--;--;--;--;--;6.87;122.96;14.03;135.87;19.62;149.93;23.17;165.11;24.31;180.98;22.89;196.81;19.09;211.88;13.30;225.82;6.01;238.62;--;--;--;--;--;--;--;--;--;--;--;--;--;--;
2024-02-13;--;--;--;--;--;--;--;--;--;--;--;--;--;--;--;--;7.16;122.78;14.33;135.72;19.94;149.82;23.50;165.05;24.64;180.99;23.22;196.88;19.40;212.01;13.60;225.98;6.29;238.81;--;--;--;--;--;--;--;--;--;--;--;--;--;--;
2024-02-14;--;--;--;--;--;--;--;--;--;--;--;--;--;--;-0.83;110.54;7.45;122.60;14.63;135.57;20.26;149.71;23.84;165.00;24.98;181.00;23.55;196.96;19.72;212.13;13.89;226.14;6.57;239.00;--;--;--;--;--;--;--;--;--;--;--;--;--;--;
2024-02-15;--;--;--;--;--;--;--;--;--;--;--;--;--;--;-0.55;110.34;7.74;122.43;14.94;135.42;20.58;149.60;24.17;164.95;25.32;181.01;23.88;197.04;20.03;212.27;14.19;226.31;6.85;239.19;--;--;--;--;--;--;--;--;--;--;--;--;--;--;
2024-02-16;--;--;--;--;--;--;--;--;--;--;--;--;--;--;-0.26;110.15;8.04;122.25;15.26;135.27;20.91;149.50;24.52;164.90;25.66;181.03;24.22;197.12;20.36;212.40;14.49;226.49;7.13;239.39;--;--;--;--;--;--;--;--;--;--;--;--;--;--;
2024-02-17;--;--;--;--;--;--;--;--;--;--;--;--;--;--;0.02;109.95;8.34;122.08;15.57;135.13;21.25;149.39;24.86;164.85;26.01;181.05;24.56;197.21;20.68;212.54;14.80;226.66;7.41;239.60;--;--;--;--;--;--;--;--;--;--;--;--;--;--;
2024-02-18;--;--;--;--;--;--;--;--;--;--;--;--;--;--;0.32;109.76;8.64;121.90;15.90;134.98;21.59;149.29;25.21;164.81;26.36;181.08;24.90;197.30;21.00;212.69;15.10;226.85;7.70;239.81;-0.72;251.88;--;--;--;--;--;--;--;--;--;--;--;--;
2024-02-19;--;--;--;--;--;--;--;--;--;--;--;--;--;--;0.61;109.57;8.95;121.73;16.22;134.84;21.93;149.19;25.56;164.77;26.72;181.11;25.24;197.40;21.33;212.84;15.40;227.04;7.98;240.02;-0.45;252.11;--;--;--;--;--;--;--;--;--;--;--;--;
2024-02-20;--;--;--;--;--;--;--;--;--;--;--;--;--;--;0.91;109.38;9.27;121.56;16.55;134.69;22.27;149.09;25.92;164.73;27.07;181.14;25.59;197.50;21.65;213.00;15.71;227.23;8.27;240.24;-0.17;252.34;--;--;--;--;--;--;--;--;--;--;--;--;
2024-02-21;--;--;--;--;--;--;--;--;--;--;--;--;--;--;1.22;109.18;9.58;121.38;16.88;134.55;22.62;148.99;26.28;164.69;27.43;181.17;25.94;197.60;21.98;213.16;16.02;227.43;8.56;240.46;0.10;252.58;--;--;--;--;--;--;--;--;--;--;--;--;
2024-02-22;--;--;--;--;--;--;--;--;--;--;--;--;--;--;1.53;108.99;9.91;121.21;17.22;134.41;22.97;148.89;26.64;164.65;27.79;181.21;26.29;197.71;22.31;213.32;16.33;227.63;8.85;240.68;0.37;252.82;--;--;--;--;--;--;--;--;--;--;--;--;
2024-02-23;--;--;--;--;--;--;--;--;--;--;--;--;--;--;1.84;108.80;10.23;121.04;17.56;134.27;23.33;148.80;27.00;164.62;28.16;181.25;26.64;197.82;22.65;213.49;16.63;227.84;9.13;240.91;0.64;253.07;--;--;--;--;--;--;--;--;--;--;--;--;
2024-02-24;--;--;--;--;--;--;--;--;--;--;--;--;--;--;2.15;108.61;10.56;120.87;17.90;134.12;23.69;148.70;27.37;164.59;28.53;181.30;26.99;197.94;22.98;213.66;16.94;228.05;9.42;241.15;0.92;253.31;--;--;--;--;--;--;--;--;--;--;--;--;
2024-02-25;--;--;--;--;--;--;--;--;--;--;--;--;--;--;2.47;108.42;10.89;120.70;18.25;133.98;24.05;148.61;27.74;164.56;28.90;181.35;27.35;198.06;23.31;213.84;17.25;228.26;9.71;241.38;1.19;253.57;--;--;--;--;--;--;--;--;--;--;--;--;
2024-02-26;--;--;--;--;--;--;--;--;--;--;--;--;--;--;2.80;108.23;11.22;120.53;18.60;133.84;24.41;148.51;28.12;164.54;29.27;181.40;27.71;198.19;23.65;214.02;17.57;228.48;10.00;241.63;1.47;253.82;--;--;--;--;--;--;--;--;--;--;--;--;
2024-02-27;--;--;--;--;--;--;--;--;--;--;--;--;--;--;3.12;108.04;11.56;120.36;18.95;133.70;24.78;148.42;28.49;164.51;29.64;181.45;28.07;198.32;23.99;214.21;17.88;228.70;10.29;241.87;1.74;254.08;--;--;--;--;--;--;--;--;--;--;--;--;
2024-02-28;--;--;--;--;--;--;--;--;--;--;--;--;--;--;3.45;107.85;11.90;120.19;19.31;133.57;25.15;148.33;28.87;164.49;30.02;181.51;28.43;198.45;24.32;214.40;18.19;228.93;10.58;242.12;2.02;254.34;--;--;--;--;--;--;--;--;--;--;--;--;
2024-02-29;--;--;--;--;--;--;--;--;--;--;--;--;--;--;3.78;107.67;12.25;120.02;19.67;133.43;25.53;148.24;29.25;164.47;30.40;181.57;28.79;198.59;24.66;214.59;18.50;229.16;10.87;242.37;2.29;254.61;--;--;--;--;--;--;--;--;--;--;--;--;
2024-03-01;--;--;--;--;--;--;--;--;--;--;--;--;--;--;4.12;107.48;12.59;119.85;20.03;133.29;25.90;148.16;29.64;164.45;30.77;181.64;29.15;198.73;25.00;214.79;18.81;229.40;11.17;242.63;2.57;254.87;--;--;--;--;--;--;--;--;--;--;--;--;
2024-03-02;--;--;--;--;--;--;--;--;--;--;--;--;--;--;4.45;107.29;12.94;119.68;20.39;133.15;26.28;148.07;30.02;164.43;31.16;181.70;29.52;198.87;25.34;214.99;19.13;229.64;11.46;242.88;2.84;255.15;--;--;--;--;--;--;--;--;--;--;--;--;
2024-03-03;--;--;--;--;--;--;--;--;--;--;--;--;--;--;4.79;107.11;13.29;119.51;20.76;133.02;26.66;147.98;30.41;164.42;31.54;181.77;29.88;199.02;25.68;215.20;19.44;229.88;11.75;243.15;3.12;255.42;--;--;--;--;--;--;--;--;--;--;--;--;
2024-03-04;--;--;--;--;--;--;--;--;--;--;--;--;--;--;5.14;106.92;13.65;119.35;21.13;132.88;27.04;147.90;30.80;164.41;31.92;181.84;30.25;199.17;26.02;215.41;19.75;230.12;12.04;243.41;3.40;255.69;--;--;--;--;--;--;--;--;--;--;--;--;
2024-03-05;--;--;--;--;--;--;--;--;--;--;--;--;--;--;5.48;106.73;14.00;119.18;21.50;132.75;27.42;147.81;31.19;164.40;32.31;181.92;30.62;199.33;26.36;215.63;20.07;230.37;12.33;243.68;3.67;255.97;--;--;--;--;--;--;--;--;--;--;--;--;
2024-03-06;--;--;--;--;--;--;--;--;--;--;--;--;--;--;5.83;106.55;14.36;119.01;21.87;132.61;27.81;147.73;31.58;164.39;32.70;182.00;30.98;199.49;26.70;215.84;20.38;230.62;12.62;243.95;3.95;256.25;--;--;--;--;--;--;--;--;--;--;--;--;
2024-03-07;--;--;--;--;--;--;--;--;--;--;--;--;--;--;6.18;106.37;14.72;118.85;22.24;132.48;28.19;147.65;31.97;164.38;33.08;182.08;31.35;199.65;27.04;216.06;20.69;230.88;12.91;244.22;4.22;256.54;--;--;--;--;--;--;--;--;--;--;--;--;
2024-03-08;--;--;--;--;--;--;--;--;--;--;--;--;--;--;6.53;106.18;15.08;118.68;22.62;132.34;28.58;147.57;32.37;164.38;33.47;182.16;31.72;199.81;27.38;216.29;21.01;231.14;13.20;244.50;4.50;256.82;--;--;--;--;--;--;--;--;--;--;--;--;
2024-03-09;--;--;--;--;--;--;--;--;--;--;--;--;--;--;6.88;106.00;15.44;118.52;22.99;132.21;28.97;147.49;32.77;164.37;33.86;182.25;32.09;199.98;27.72;216.52;21.32;231.40;13.49;244.78;4.77;257.11;--;--;--;--;--;--;--;--;--;--;--;--;
2024-03-10;--;--;--;--;--;--;--;--;--;--;--;--;--;--;7.23;105.81;15.80;118.35;23.37;132.08;29.36;147.41;33.16;164.37;34.25;182.34;32.46;200.16;28.07;216.75;21.63;231.66;13.78;245.06;5.04;257.40;--;--;--;--;--;--;--;--;--;--;--;--;
2024-03-11;--;--;--;--;--;--;--;--;--;--;--;--;--;--;7.58;105.63;16.17;118.19;23.75;131.94;29.76;147.33;33.56;164.37;34.64;182.43;32.83;200.33;28.41;216.98;21.94;231.93;14.07;245.34;5.32;257.69;--;--;--;--;--;--;--;--;--;--;--;--;
2024-03-12;--;--;--;--;--;--;--;--;--;--;--;--;--;--;7.94;105.45;16.54;118.02;24.13;131.81;30.15;147.25;33.96;164.37;35.04;182.53;33.20;200.51;28.75;217.22;22.25;232.20;14.35;245.63;5.59;257.98;--;--;--;--;--;--;--;--;--;--;--;--;
2024-03-13;--;--;--;--;--;--;--;--;--;--;--;--;-0.83;93.34;8.30;105.27;16.90;117.85;24.51;131.68;30.54;147.17;34.36;164.37;35.43;182.62;33.57;200.69;29.09;217.46;22.57;232.48;14.64;245.92;5.86;258.28;--;--;--;--;--;--;--;--;--;--;--;--;
2024-03-14;--;--;--;--;--;--;--;--;--;--;--;--;-0.48;93.16;8.66;105.09;17.27;117.69;24.89;131.54;30.94;147.09;34.76;164.37;35.82;182.72;33.94;200.88;29.43;217.71;22.88;232.75;14.93;246.21;6.14;258.57;--;--;--;--;--;--;--;--;--;--;--;--;
2024-03-15;--;--;--;--;--;--;--;--;--;--;--;--;-0.12;92.97;9.01;104.90;17.64;117.52;25.28;131.41;31.33;147.01;35.16;164.38;36.21;182.82;34.31;201.07;29.77;217.95;23.18;233.03;15.21;246.50;6.41;258.87;--;--;--;--;--;--;--;--;--;--;--;--;
2024-03-16;--;--;--;--;--;--;--;--;--;--;--;--;0.23;92.78;9.37;104.72;18.01;117.36;25.66;131.28;31.73;146.94;35.56;164.38;36.61;182.93;34.68;201.26;30.10;218.20;23.49;233.31;15.50;246.79;6.68;259.17;--;--;--;--;--;--;--;--;--;--;--;--;
2024-03-17;--;--;--;--;--;--;--;--;--;--;--;--;0.59;92.59;9.73;104.54;18.38;117.19;26.04;131.14;32.13;146.86;35.97;164.39;37.00;183.03;35.05;201.45;30.44;218.45;23.80;233.59;15.78;247.08;6.95;259.47;--;--;--;--;--;--;--;--;--;--;--;--;
2024-03-18;--;--;--;--;--;--;--;--;--;--;--;--;0.94;92.41;10.09;104.36;18.75;117.03;26.43;131.01;32.52;146.78;36.37;164.40;37.39;183.14;35.42;201.65;30.78;218.71;24.11;233.87;16.07;247.38;7.22;259.77;--;--;--;--;--;--;--;--;--;--;--;--;
2024-03-19;--;--;--;--;--;--;--;--;--;--;--;--;1.30;92.22;10.46;104.18;19.12;116.86;26.81;130.88;32.92;146.71;36.77;164.41;37.78;183.25;35.79;201.85;31.12;218.97;24.41;234.16;16.35;247.68;7.49;260.07;--;--;--;--;--;--;--;--;--;--;--;--;
2024-03-20;--;--;--;--;--;--;--;--;--;--;--;--;1.66;92.03;10.82;104.00;19.49;116.70;27.19;130.74;33.32;146.63;37.17;164.41;38.18;183.36;36.15;202.05;31.45;219.22;24.72;234.45;16.63;247.98;7.76;260.37;--;--;--;--;--;--;--;--;--;--;--;--;
2024-03-21;--;--;--;--;--;--;--;--;--;--;--;--;2.01;91.85;11.18;103.82;19.86;116.53;27.58;130.61;33.71;146.55;37.57;164.42;38.57;183.47;36.52;202.25;31.78;219.49;25.02;234.74;16.91;248.28;8.03;260.67;--;--;--;--;--;--;--;--;--;--;--;--;
2024-03-22;--;--;--;--;--;--;--;--;--;--;--;--;2.37;91.66;11.54;103.64;20.23;116.37;27.96;130.48;34.11;146.47;37.98;164.44;38.96;183.59;36.89;202.46;32.12;219.75;25.33;235.03;17.19;248.58;8.30;260.97;--;--;--;--;--;--;--;--;--;--;--;--;
2024-03-23;--;--;--;--;--;--;--;--;--;--;--;--;2.73;91.48;11.90;103.46;20.60;116.20;28.35;130.34;34.51;146.40;38.38;164.45;39.35;183.71;37.25;202.67;32.45;220.02;25.63;235.32;17.47;248.88;8.56;261.28;-0.65;273.15;--;--;--;--;--;--;--;--;--;--;
2024-03-24;--;--;--;--;--;--;--;--;--;--;--;--;3.08;91.30;12.26;103.28;20.97;116.04;28.73;130.21;34.90;146.32;38.78;164.46;39.74;183.82;37.62;202.88;32.78;220.28;25.93;235.62;17.75;249.18;8.83;261.58;-0.39;273.46;--;--;--;--;--;--;--;--;--;--;
2024-03-25;--;--;--;--;--;--;--;--;--;--;--;--;3.44;91.11;12.62;103.10;21.34;115.87;29.11;130.07;35.30;146.24;39.18;164.47;40.13;183.94;37.98;203.09;33.11;220.55;26.23;235.91;18.03;249.48;9.09;261.88;-0.12;273.76;--;--;--;--;--;--;--;--;--;--;
2024-03-26;--;--;--;--;--;--;--;--;--;--;--;--;3.80;90.93;12.98;102.92;21.71;115.70;29.49;129.93;35.69;146.16;39.58;164.48;40.52;184.06;38.34;203.30;33.44;220.83;26.53;236.21;18.31;249.79;9.36;262.19;0.14;274.06;--;--;--;--;--;--;--;--;--;--;
2024-03-27;--;--;--;--;--;--;--;--;--;--;--;--;4.15;90.75;13.33;102.74;22.08;115.53;29.87;129.80;36.09;146.08;39.98;164.50;40.91;184.19;38.70;203.52;33.77;221.10;26.82;236.51;18.58;250.09;9.62;262.49;0.40;274.36;--;--;--;--;--;--;--;--;--;--;
2024-03-28;--;--;--;--;--;--;--;--;--;--;--;--;4.50;90.56;13.69;102.56;22.44;115.37;30.25;129.66;36.48;146.00;40.37;164.51;41.29;184.31;39.06;203.74;34.09;221.37;27.12;236.80;18.85;250.40;9.88;262.79;0.66;274.66;--;--;--;--;--;--;--;--;--;--;
2024-03-29;--;--;--;--;--;--;--;--;--;--;--;--;4.86;90.38;14.05;102.38;22.81;115.20;30.63;129.52;36.87;145.92;40.77;164.52;41.68;184.43;39.42;203.96;34.42;221.65;27.41;237.10;19.13;250.70;10.14;263.09;0.92;274.96;--;--;--;--;--;--;--;--;--;--;
2024-03-30;--;--;--;--;--;--;--;--;--;--;--;--;5.21;90.20;14.40;102.20;23.17;115.03;31.01;129.38;37.26;145.84;41.16;164.53;42.06;184.56;39.78;204.18;34.74;221.93;27.70;237.40;19.40;251.00;10.40;263.40;1.18;275.25;--;--;--;--;--;--;--;--;--;--;
2024-03-31;--;--;--;--;--;--;--;--;--;--;--;--;5.56;90.02;14.76;102.02;23.53;114.86;31.38;129.24;37.65;145.76;41.56;164.55;42.45;184.69;40.13;204.40;35.06;222.20;28.00;237.70;19.67;251.31;10.66;263.70;1.44;275.55;--;--;--;--;--;--;--;--;--;--;
2024-04-01;--;--;--;--;--;--;--;--;--;--;--;--;5.91;89.84;15.11;101.84;23.89;114.69;31.76;129.10;38.04;145.68;41.95;164.56;42.83;184.81;40.49;204.62;35.38;222.48;28.29;238.00;19.94;251.61;10.92;264.00;1.70;275.85;--;--;--;--;--;--;--;--;--;--;
2024-04-02;--;--;--;--;--;--;--;--;--;--;--;--;6.25;89.66;15.46;101.66;24.25;114.52;32.13;128.96;38.42;145.60;42.34;164.57;43.21;184.94;40.84;204.85;35.70;222.76;28.57;238.30;20.20;251.92;11.18;264.30;1.96;276.14;--;--;--;--;--;--;--;--;--;--;
2024-04-03;--;--;--;--;--;--;--;--;--;--;--;--;6.60;89.47;15.81;101.48;24.61;114.35;32.50;128.81;38.81;145.51;42.73;164.58;43.58;185.07;41.19;205.07;36.02;223.04;28.86;238.60;20.47;252.22;11.44;264.60;2.21;276.43;--;--;--;--;--;--;--;--;--;--;
2024-04-04;--;--;--;--;--;--;--;--;--;--;--;--;6.94;89.29;16.15;101.29;24.97;114.18;32.87;128.67;39.19;145.43;43.12;164.59;43.96;185.20;41.54;205.30;36.33;223.32;29.14;238.90;20.74;252.52;11.69;264.89;2.47;276.72;--;--;--;--;--;--;--;--;--;--;
2024-04-05;--;--;--;--;--;--;--;--;--;--;--;--;7.29;89.11;16.50;101.11;25.32;114.01;33.23;128.52;39.57;145.34;43.51;164.60;44.34;185.33;41.88;205.53;36.64;223.60;29.43;239.20;21.00;252.82;11.94;265.19;2.72;277.01;--;--;--;--;--;--;--;--;--;--;
2024-04-06;--;--;--;--;--;--;--;--;--;--;--;--;7.63;88.93;16.84;100.93;25.67;113.83;33.60;128.38;39.95;145.25;43.89;164.61;44.71;185.46;42.23;205.75;36.95;223.88;29.71;239.50;21.26;253.12;12.20;265.48;2.98;277.30;--;--;--;--;--;--;--;--;--;--;
2024-04-07;--;--;--;--;--;--;--;--;--;--;--;--;7.96;88.75;17.18;100.75;26.02;113.66;33.96;128.23;40.32;145.16;44.27;164.62;45.08;185.59;42.57;205.98;37.26;224.17;29.99;239.80;21.52;253.42;12.45;265.78;3.23;277.59;--;--;--;--;--;--;--;--;--;--;
2024-04-08;--;--;--;--;--;--;--;--;--;--;--;--;8.30;88.57;17.52;100.57;26.36;113.48;34.32;128.08;40.70;145.07;44.65;164.63;45.45;185.72;42.91;206.21;37.57;224.45;30.27;240.10;21.78;253.72;12.70;266.07;3.48;277.87;--;--;--;--;--;--;--;--;--;--;
2024-04-09;--;--;--;--;--;--;--;--;--;--;-0.54;76.65;8.63;88.39;17.85;100.38;26.71;113.31;34.68;127.93;41.07;144.98;45.03;164.64;45.81;185.85;43.25;206.44;37.87;224.73;30.54;240.40;22.04;254.02;12.95;266.36;3.73;278.15;--;--;--;--;--;--;--;--;--;--;
2024-04-10;--;--;--;--;--;--;--;--;--;--;-0.20;76.48;8.96;88.21;18.19;100.20;27.05;113.13;35.03;127.78;41.43;144.89;45.40;164.65;46.18;185.97;43.58;206.67;38.18;225.01;30.82;240.70;22.29;254.31;13.20;266.65;3.98;278.43;--;--;--;--;--;--;--;--;--;--;
2024-04-11;--;--;--;--;--;--;--;--;--;--;0.13;76.31;9.29;88.03;18.52;100.02;27.39;112.95;35.38;127.63;41.80;144.79;45.78;164.65;46.54;186.10;43.92;206.90;38.48;225.29;31.09;240.99;22.55;254.61;13.44;266.93;4.23;278.71;--;--;--;--;--;--;--;--;--;--;
2024-04-12;--;--;--;--;--;--;--;--;--;--;0.46;76.14;9.62;87.85;18.84;99.83;27.72;112.78;35.73;127.48;42.16;144.69;46.15;164.65;46.90;186.23;44.25;207.13;38.77;225.57;31.36;241.29;22.80;254.90;13.69;267.22;4.48;278.98;--;--;--;--;--;--;--;--;--;--;
2024-04-13;--;--;--;--;--;--;--;--;--;--;0.79;75.97;9.94;87.67;19.17;99.65;28.05;112.60;36.08;127.32;42.52;144.60;46.51;164.66;47.26;186.36;44.58;207.35;39.07;225.85;31.63;241.58;23.05;255.19;13.93;267.50;4.72;279.26;--;--;--;--;--;--;--;--;--;--;
2024-04-14;--;--;--;--;--;--;--;--;--;--;1.11;75.80;10.26;87.49;19.49;99.46;28.38;112.42;36.42;127.16;42.88;144.50;46.88;164.66;47.61;186.48;44.91;207.58;39.36;226.13;31.89;241.87;23.30;255.48;14.17;267.78;4.97;279.53;--;--;--;--;--;--;--;--;--;--;
2024-04-15;--;--;--;--;--;--;--;--;--;--;1.43;75.63;10.58;87.31;19.81;99.28;28.71;112.24;36.76;127.01;43.24;144.39;47.24;164.66;47.96;186.61;45.23;207.81;39.65;226.41;32.16;242.16;23.55;255.76;14.41;268.06;5.21;279.79;--;--;--;--;--;--;--;--;--;--;
2024-04-16;--;--;--;--;--;--;--;--;--;--;1.75;75.46;10.89;87.13;20.12;99.10;29.03;112.06;37.09;126.85;43.59;144.29;47.60;164.65;48.31;186.74;45.55;208.03;39.94;226.68;32.42;242.45;23.79;256.05;14.65;268.33;5.46;280.06;--;--;--;--;--;--;--;--;--;--;
2024-04-17;--;--;--;--;--;--;--;--;--;--;2.06;75.29;11.20;86.95;20.43;98.91;29.35;111.88;37.42;126.69;43.93;144.18;47.95;164.65;48.66;186.86;45.87;208.26;40.23;226.96;32.68;242.74;24.04;256.33;14.89;268.61;5.70;280.32;--;--;--;--;--;--;--;--;--;--;
2024-04-18;--;--;--;--;--;--;--;--;--;--;2.37;75.12;11.50;86.77;20.74;98.73;29.67;111.69;37.75;126.52;44.28;144.08;48.31;164.64;49.00;186.98;46.19;208.48;40.51;227.23;32.94;243.02;24.28;256.61;15.13;268.87;5.94;280.58;--;--;--;--;--;--;--;--;--;--;
2024-04-19;--;--;--;--;--;--;--;--;--;--;2.68;74.95;11.81;86.59;21.04;98.54;29.98;111.51;38.08;126.36;44.62;143.97;48.66;164.63;49.34;187.10;46.50;208.71;40.79;227.50;33.19;243.31;24.52;256.89;15.36;269.14;6.17;280.83;--;--;--;--;--;--;--;--;--;--;
2024-04-20;--;--;--;--;--;--;--;--;--;--;2.98;74.79;12.11;86.41;21.34;98.35;30.28;111.33;38.40;126.20;44.95;143.85;49.00;164.62;49.68;187.22;46.81;208.93;41.07;227.77;33.45;243.59;24.76;257.16;15.60;269.40;6.41;281.08;--;--;--;--;--;--;--;--;--;--;
2024-04-21;--;--;--;--;--;--;--;--;--;--;3.28;74.62;12.40;86.23;21.64;98.17;30.59;111.14;38.72;126.03;45.29;143.74;49.34;164.61;50.01;187.34;47.12;209.15;41.35;228.04;33.70;243.86;24.99;257.43;15.83;269.67;6.65;281.33;--;--;--;--;--;--;--;--;--;--;
2024-04-22;--;--;--;--;--;--;--;--;--;--;3.58;74.45;12.69;86.05;21.93;97.98;30.89;110.96;39.03;125.86;45.62;143.62;49.68;164.60;50.34;187.46;47.42;209.37;41.62;228.30;33.95;244.14;25.23;257.70;16.06;269.92;6.88;281.58;--;--;--;--;--;--;--;--;--;--;
2024-04-23;--;--;--;--;--;--;--;--;--;--;3.87;74.28;12.98;85.88;22.22;97.80;31.18;110.77;39.34;125.69;45.94;143.50;50.02;164.58;50.67;187.57;47.72;209.58;41.89;228.57;34.20;244.41;25.46;257.97;16.29;270.18;7.11;281.82;--;--;--;--;--;--;--;--;--;--;
2024-04-24;--;--;--;--;--;--;--;--;--;--;4.16;74.12;13.26;85.70;22.50;97.61;31.47;110.58;39.64;125.52;46.26;143.38;50.35;164.56;50.99;187.68;48.02;209.80;42.16;228.83;34.44;244.68;25.69;258.23;16.51;270.43;7.34;282.06;--;--;--;--;--;--;--;--;--;--;
2024-04-25;--;--;--;--;--;--;--;--;--;--;4.44;73.95;13.54;85.52;22.78;97.42;31.76;110.40;39.94;125.35;46.58;143.26;50.68;164.54;51.31;187.79;48.32;210.01;42.43;229.09;34.68;244.95;25.92;258.49;16.74;270.68;7.57;282.29;--;--;--;--;--;--;--;--;--;--;
2024-04-26;--;--;--;--;--;--;--;--;--;--;4.72;73.79;13.82;85.34;23.06;97.24;32.04;110.21;40.24;125.17;46.89;143.14;51.00;164.51;51.63;187.90;48.61;210.22;42.69;229.34;34.92;245.21;26.15;258.75;16.96;270.92;7.80;282.52;--;--;--;--;--;--;--;--;--;--;
2024-04-27;--;--;--;--;--;--;--;--;--;--;5.00;73.62;14.09;85.16;23.33;97.05;32.32;110.02;40.53;125.00;47.20;143.01;51.32;164.48;51.94;188.00;48.90;210.43;42.95;229.60;35.16;245.47;26.37;259.00;17.18;271.16;8.03;282.75;-0.72;294.41;--;--;--;--;--;--;--;--;
2024-04-28;--;--;--;--;--;--;--;--;--;--;5.27;73.46;14.35;84.99;23.60;96.86;32.59;109.83;40.81;124.82;47.50;142.88;51.63;164.45;52.25;188.11;49.18;210.63;43.21;229.85;35.39;245.73;26.60;259.25;17.40;271.40;8.25;282.97;-0.48;294.62;--;--;--;--;--;--;--;--;
2024-04-29;--;--;--;--;--;--;--;--;--;--;5.54;73.29;14.61;84.81;23.86;96.68;32.86;109.64;41.10;124.65;47.80;142.75;51.94;164.42;52.56;188.21;49.46;210.84;43.46;230.09;35.63;245.98;26.82;259.49;17.62;271.63;8.47;283.19;-0.25;294.82;--;--;--;--;--;--;--;--;
2024-04-30;--;--;--;--;--;--;--;--;--;--;5.80;73.13;14.87;84.63;24.11;96.49;33.12;109.45;41.37;124.47;48.09;142.61;52.25;164.39;52.86;188.30;49.74;211.03;43.71;230.34;35.86;246.23;27.03;259.73;17.83;271.86;8.69;283.41;-0.02;295.02;--;--;--;--;--;--;--;--;
2024-05-01;--;--;--;--;--;--;--;--;--;--;6.05;72.97;15.12;84.46;24.37;96.31;33.38;109.26;41.64;124.29;48.38;142.48;52.55;164.35;53.15;188.40;50.02;211.23;43.96;230.58;36.08;246.48;27.25;259.97;18.05;272.08;8.91;283.62;0.21;295.22;--;--;--;--;--;--;--;--;
2024-05-02;--;--;--;--;--;--;--;--;--;--;6.31;72.81;15.37;84.28;24.61;96.12;33.64;109.07;41.91;124.11;48.67;142.34;52.85;164.30;53.45;188.49;50.29;211.42;44.20;230.81;36.31;246.72;27.46;260.20;18.26;272.30;9.12;283.83;0.43;295.41;--;--;--;--;--;--;--;--;
2024-05-03;--;--;--;--;--;--;--;--;--;--;6.55;72.65;15.61;84.11;24.85;95.93;33.88;108.88;42.17;123.92;48.95;142.20;53.14;164.26;53.74;188.57;50.55;211.61;44.45;231.04;36.53;246.96;27.68;260.43;18.47;272.52;9.34;284.03;0.66;295.60;--;--;--;--;--;--;--;--;
2024-05-04;--;--;--;--;--;--;--;--;--;--;6.80;72.48;15.85;83.93;25.09;95.75;34.13;108.69;42.43;123.74;49.22;142.05;53.43;164.21;54.02;188.66;50.82;211.80;44.69;231.27;36.75;247.19;27.88;260.66;18.67;272.73;9.55;284.23;0.88;295.78;--;--;--;--;--;--;--;--;
2024-05-05;--;--;--;--;--;--;--;--;--;--;7.04;72.32;16.08;83.76;25.32;95.57;34.37;108.50;42.68;123.56;49.49;141.91;53.71;164.16;54.30;188.74;51.08;211.98;44.92;231.50;36.97;247.42;28.09;260.88;18.88;272.94;9.76;284.42;1.10;295.96;--;--;--;--;--;--;--;--;
2024-05-06;--;--;--;--;--;--;--;--;--;--;7.27;72.17;16.31;83.59;25.55;95.38;34.60;108.31;42.92;123.37;49.75;141.76;53.99;164.11;54.58;188.81;51.34;212.16;45.15;231.72;37.18;247.65;28.30;261.09;19.08;273.14;9.97;284.61;1.32;296.13;--;--;--;--;--;--;--;--;
2024-05-07;--;--;--;--;--;--;--;--;--;--;7.50;72.01;16.53;83.42;25.77;95.20;34.83;108.12;43.17;123.19;50.01;141.61;54.27;164.05;54.85;188.89;51.59;212.33;45.38;231.93;37.39;247.87;28.50;261.30;19.28;273.34;10.17;284.80;1.53;296.30;--;--;--;--;--;--;--;--;
2024-05-08;--;--;--;--;--;--;--;--;-0.73;60.25;7.72;71.85;16.75;83.24;25.99;95.02;35.05;107.93;43.40;123.00;50.27;141.46;54.53;163.99;55.12;188.96;51.84;212.50;45.61;232.14;37.60;248.08;28.70;261.51;19.48;273.53;10.37;284.98;1.74;296.47;--;--;--;--;--;--;--;--;
2024-05-09;--;--;--;--;--;--;--;--;-0.51;60.11;7.94;71.69;16.96;83.08;26.20;94.83;35.26;107.74;43.63;122.81;50.51;141.31;54.80;163.92;55.38;189.02;52.08;212.67;45.83;232.35;37.81;248.29;28.89;261.71;19.68;273.72;10.57;285.15;1.95;296.63;--;--;--;--;--;--;--;--;
2024-05-10;--;--;--;--;--;--;--;--;-0.28;59.97;8.15;71.54;17.16;82.91;26.40;94.65;35.47;107.55;43.85;122.63;50.75;141.16;55.05;163.86;55.64;189.08;52.32;212.83;46.05;232.55;38.01;248.50;29.09;261.91;19.87;273.90;10.77;285.32;2.16;296.79;--;--;--;--;--;--;--;--;
2024-05-11;--;--;--;--;--;--;--;--;-0.07;59.83;8.35;71.38;17.36;82.74;26.60;94.47;35.68;107.36;44.07;122.44;50.99;141.00;55.31;163.79;55.89;189.14;52.56;212.98;46.26;232.75;38.21;248.70;29.28;262.10;20.06;274.08;10.97;285.49;2.36;296.94;--;--;--;--;--;--;--;--;
2024-05-12;--;--;--;--;--;--;--;--;0.14;59.70;8.56;71.23;17.56;82.57;26.80;94.30;35.88;107.17;44.28;122.25;51.22;140.84;55.55;163.71;56.14;189.19;52.79;213.14;46.48;232.94;38.41;248.90;29.47;262.29;20.25;274.26;11.16;285.65;2.57;297.08;--;--;--;--;--;--;--;--;
2024-05-13;--;--;--;--;--;--;--;--;0.35;59.56;8.75;71.08;17.75;82.41;26.99;94.12;36.07;106.98;44.49;122.07;51.44;140.68;55.79;163.63;56.38;189.24;53.02;213.28;46.68;233.13;38.60;249.09;29.65;262.47;20.43;274.43;11.35;285.80;2.76;297.22;--;--;--;--;--;--;--;--;
2024-05-14;--;--;--;--;--;--;--;--;0.55;59.42;8.94;70.93;17.93;82.24;27.17;93.94;36.26;106.80;44.69;121.88;51.66;140.52;56.03;163.55;56.62;189.28;53.24;213.42;46.89;233.31;38.79;249.27;29.84;262.65;20.61;274.59;11.54;285.96;2.96;297.36;--;--;--;--;--;--;--;--;
2024-05-15;--;--;--;--;--;--;--;--;0.74;59.29;9.13;70.78;18.11;82.08;27.35;93.77;36.44;106.61;44.88;121.69;51.88;140.36;56.26;163.47;56.86;189.32;53.46;213.56;47.09;233.48;38.98;249.45;30.02;262.82;20.79;274.75;11.72;286.10;3.15;297.49;--;--;--;--;--;--;--;--;
2024-05-16;--;--;--;--;--;--;--;--;0.93;59.16;9.30;70.63;18.28;81.92;27.52;93.59;36.62;106.43;45.07;121.51;52.08;140.20;56.48;163.38;57.08;189.36;53.68;213.69;47.29;233.65;39.16;249.63;30.20;262.98;20.97;274.90;11.90;286.24;3.34;297.62;--;--;--;--;--;--;--;--;
2024-05-17;--;--;--;--;--;--;--;--;1.12;59.02;9.48;70.49;18.45;81.76;27.68;93.42;36.79;106.25;45.25;121.32;52.28;140.03;56.70;163.29;57.31;189.39;53.89;213.82;47.48;233.82;39.34;249.79;30.37;263.14;21.14;275.05;12.08;286.38;3.53;297.74;--;--;--;--;--;--;--;--;
2024-05-18;--;--;--;--;--;--;--;--;1.29;58.89;9.65;70.34;18.61;81.60;27.84;93.25;36.95;106.07;45.43;121.13;52.48;139.87;56.92;163.20;57.53;189.41;54.10;213.94;47.67;233.97;39.52;249.96;30.54;263.30;21.32;275.20;12.25;286.51;3.71;297.86;--;--;--;--;--;--;--;--;
2024-05-19;--;--;--;--;--;--;--;--;1.46;58.76;9.81;70.20;18.77;81.45;28.00;93.09;37.11;105.89;45.60;120.95;52.66;139.70;57.12;163.11;57.74;189.43;54.30;214.05;47.86;234.13;39.69;250.11;30.71;263.45;21.48;275.33;12.43;286.64;3.89;297.97;--;--;--;--;--;--;--;--;
2024-05-20;--;--;--;--;--;--;--;--;1.63;58.64;9.96;70.06;18.92;81.30;28.15;92.92;37.26;105.71;45.76;120.77;52.85;139.53;57.32;163.01;57.95;189.45;54.50;214.16;48.04;234.27;39.87;250.27;30.88;263.59;21.65;275.47;12.59;286.76;4.06;298.08;--;--;--;--;--;--;--;--;
2024-05-21;--;--;--;--;--;--;--;--;1.79;58.51;10.11;69.92;19.06;81.14;28.29;92.75;37.41;105.53;45.92;120.58;53.02;139.37;57.52;162.91;58.15;189.46;54.69;214.26;48.22;234.41;40.03;250.41;31.04;263.73;21.81;275.60;12.76;286.87;4.23;298.18;--;--;--;--;--;--;--;--;
2024-05-22;--;--;--;--;--;--;--;--;1.94;58.38;10.26;69.78;19.20;80.99;28.42;92.59;37.55;105.36;46.07;120.40;53.19;139.20;57.71;162.80;58.34;189.47;54.88;214.36;48.39;234.55;40.20;250.55;31.20;263.86;21.97;275.72;12.92;286.98;4.40;298.28;--;--;--;--;--;--;--;--;
2024-05-23;--;--;--;--;--;--;--;--;2.09;58.26;10.40;69.64;19.33;80.85;28.55;92.43;37.69;105.18;46.22;120.22;53.35;139.03;57.89;162.70;58.53;189.47;55.06;214.45;48.56;234.67;40.36;250.68;31.35;263.99;22.13;275.83;13.08;287.09;4.57;298.37;--;--;--;--;--;--;--;--;
2024-05-24;--;--;--;--;--;--;--;--;2.23;58.14;10.53;69.51;19.46;80.70;28.68;92.28;37.81;105.02;46.36;120.04;53.51;138.87;58.06;162.59;58.72;189.46;55.24;214.53;48.73;234.80;40.51;250.81;31.51;264.11;22.28;275.94;13.24;287.19;4.73;298.46;--;--;--;--;--;--;--;--;
2024-05-25;--;--;--;--;--;--;--;--;2.37;58.02;10.65;69.38;19.58;80.56;28.80;92.12;37.94;104.85;46.49;119.87;53.66;138.70;58.23;162.48;58.90;189.45;55.41;214.61;48.89;234.91;40.67;250.93;31.65;264.22;22.43;276.05;13.39;287.28;4.89;298.54;--;--;--;--;--;--;--;--;
2024-05-26;--;--;--;--;--;--;--;--;2.50;57.90;10.77;69.25;19.69;80.42;28.91;91.97;38.05;104.68;46.61;119.69;53.80;138.53;58.40;162.36;59.07;189.44;55.58;214.68;49.05;235.02;40.82;251.04;31.80;264.33;22.57;276.15;13.54;287.37;5.04;298.62;--;--;--;--;--;--;--;--;
2024-05-27;--;--;--;--;--;--;--;--;2.62;57.78;10.89;69.12;19.80;80.28;29.02;91.82;38.16;104.52;46.73;119.52;53.94;138.37;58.55;162.25;59.24;189.42;55.74;214.74;49.20;235.12;40.96;251.15;31.94;264.43;22.71;276.24;13.68;287.46;5.19;298.69;--;--;--;--;--;--;--;--;
2024-05-28;--;--;--;--;--;--;--;--;2.74;57.67;11.00;69.00;19.90;80.15;29.12;91.67;38.27;104.36;46.85;119.35;54.07;138.20;58.70;162.13;59.40;189.40;55.90;214.80;49.35;235.21;41.10;251.25;32.08;264.53;22.85;276.33;13.82;287.54;5.33;298.76;--;--;--;--;--;--;--;--;
2024-05-29;--;--;--;--;--;--;--;--;2.85;57.56;11.10;68.88;20.00;80.01;29.21;91.53;38.37;104.21;46.96;119.19;54.19;138.04;58.85;162.01;59.55;189.37;56.05;214.85;49.50;235.30;41.24;251.35;32.21;264.62;22.99;276.42;13.96;287.61;5.48;298.82;--;--;--;--;--;--;--;--;
2024-05-30;--;--;--;--;--;--;--;--;2.95;57.45;11.20;68.76;20.09;79.89;29.30;91.39;38.46;104.05;47.06;119.02;54.31;137.88;58.98;161.89;59.70;189.34;56.20;214.90;49.64;235.38;41.38;251.44;32.35;264.71;23.12;276.49;14.09;287.68;5.61;298.88;--;--;--;--;--;--;--;--;
2024-05-31;--;--;--;--;--;--;--;--;3.05;57.34;11.29;68.64;20.18;79.76;29.39;91.25;38.54;103.90;47.15;118.86;54.42;137.72;59.11;161.77;59.85;189.30;56.34;214.94;49.77;235.45;41.51;251.52;32.47;264.79;23.24;276.56;14.22;287.74;5.75;298.93;--;--;--;--;--;--;--;--;
2024-06-01;--;--;--;--;--;--;--;--;3.15;57.23;11.37;68.53;20.26;79.64;29.46;91.12;38.62;103.76;47.24;118.70;54.53;137.56;59.24;161.65;59.98;189.26;56.48;214.97;49.90;235.52;41.63;251.59;32.60;264.86;23.37;276.63;14.35;287.80;5.87;298.98;--;--;--;--;--;--;--;--;
2024-06-02;--;--;--;--;--;--;--;--;3.23;57.13;11.45;68.42;20.33;79.52;29.54;90.99;38.70;103.61;47.32;118.55;54.62;137.40;59.36;161.52;60.11;189.21;56.61;215.00;50.03;235.58;41.75;251.66;32.72;264.92;23.49;276.69;14.47;287.85;6.00;299.02;--;--;--;--;--;--;--;--;
2024-06-03;--;--;--;--;--;--;--;--;3.31;57.03;11.52;68.31;20.40;79.40;29.60;90.86;38.77;103.48;47.40;118.40;54.72;137.25;59.47;161.40;60.24;189.16;56.74;215.02;50.15;235.63;41.87;251.72;32.83;264.98;23.60;276.75;14.59;287.90;6.12;299.06;--;--;--;--;--;--;--;--;
2024-06-04;--;--;--;--;--;--;--;--;3.39;56.93;11.59;68.20;20.46;79.29;29.66;90.74;38.83;103.34;47.47;118.25;54.80;137.10;59.57;161.27;60.36;189.10;56.86;215.03;50.27;235.68;41.98;251.78;32.94;265.04;23.71;276.79;14.70;287.94;6.23;299.09;--;--;--;--;--;--;--;--;
2024-06-05;--;--;--;--;--;--;--;--;3.46;56.84;11.65;68.10;20.52;79.18;29.71;90.62;38.88;103.21;47.53;118.10;54.88;136.95;59.67;161.15;60.47;189.04;56.98;215.03;50.38;235.72;42.09;251.83;33.05;265.09;23.82;276.84;14.81;287.98;6.34;299.12;--;--;--;--;--;--;--;--;
2024-06-06;--;--;--;--;--;--;--;--;3.52;56.74;11.71;68.00;20.57;79.07;29.76;90.51;38.93;103.08;47.59;117.96;54.95;136.80;59.76;161.02;60.57;188.98;57.08;215.03;50.49;235.75;42.20;251.87;33.15;265.13;23.92;276.88;14.91;288.01;6.45;299.14;--;--;--;--;--;--;--;--;
2024-06-07;--;--;--;--;--;--;--;--;3.58;56.65;11.76;67.91;20.61;78.97;29.81;90.39;38.98;102.96;47.64;117.83;55.01;136.66;59.84;160.90;60.67;188.91;57.19;215.03;50.59;235.78;42.30;251.90;33.25;265.16;24.02;276.91;15.01;288.03;6.55;299.16;--;--;--;--;--;--;--;--;
2024-06-08;--;--;--;--;--;--;--;--;3.63;56.57;11.80;67.81;20.65;78.87;29.84;90.29;39.02;102.84;47.69;117.70;55.07;136.52;59.92;160.77;60.76;188.84;57.29;215.01;50.69;235.79;42.39;251.93;33.35;265.19;24.12;276.93;15.10;288.06;6.64;299.18;--;--;--;--;--;--;--;--;
2024-06-09;--;--;--;--;--;--;--;--;3.67;56.48;11.84;67.72;20.68;78.78;29.87;90.19;39.05;102.73;47.73;117.57;55.12;136.38;59.98;160.65;60.85;188.77;57.38;214.99;50.78;235.80;42.48;251.95;33.44;265.22;24.21;276.95;15.19;288.07;6.74;299.19;-0.83;310.75;--;--;--;--;--;--;
2024-06-10;--;--;--;--;--;--;--;--;3.71;56.40;11.87;67.64;20.71;78.69;29.90;90.09;39.08;102.62;47.76;117.45;55.17;136.25;60.05;160.53;60.93;188.69;57.46;214.97;50.87;235.81;42.57;251.97;33.52;265.23;24.29;276.97;15.28;288.08;6.82;299.19;-0.75;310.74;--;--;--;--;--;--;
2024-06-11;--;--;--;--;--;--;--;--;3.74;56.32;11.89;67.56;20.73;78.60;29.92;89.99;39.10;102.52;47.79;117.33;55.21;136.12;60.10;160.40;61.00;188.60;57.55;214.93;50.95;235.81;42.65;251.98;33.60;265.25;24.37;276.98;15.36;288.09;6.90;299.19;-0.67;310.74;--;--;--;--;--;--;
2024-06-12;--;--;--;--;--;--;--;--;3.77;56.25;11.91;67.48;20.75;78.52;29.93;89.91;39.11;102.42;47.81;117.22;55.24;136.00;60.15;160.28;61.07;188.52;57.62;214.89;51.03;235.80;42.73;251.98;33.68;265.25;24.45;276.98;15.44;288.09;6.98;299.19;-0.59;310.73;--;--;--;--;--;--;
2024-06-13;--;--;--;--;--;--;--;--;3.79;56.18;11.93;67.41;20.76;78.44;29.94;89.82;39.12;102.33;47.82;117.12;55.27;135.88;60.19;160.16;61.12;188.43;57.69;214.85;51.10;235.78;42.80;251.97;33.75;265.25;24.52;276.98;15.51;288.09;7.05;299.18;-0.52;310.71;--;--;--;--;--;--;
2024-06-14;--;--;--;--;--;--;--;--;3.80;56.11;11.94;67.34;20.76;78.37;29.95;89.74;39.13;102.24;47.83;117.02;55.28;135.77;60.23;160.05;61.18;188.34;57.75;214.80;51.16;235.76;42.87;251.96;33.82;265.24;24.59;276.98;15.57;288.08;7.11;299.17;-0.46;310.69;--;--;--;--;--;--;
2024-06-15;--;--;--;--;--;--;--;--;3.81;56.05;11.94;67.27;20.76;78.30;29.94;89.67;39.13;102.15;47.84;116.92;55.30;135.66;60.26;159.93;61.22;188.25;57.81;214.74;51.22;235.73;42.93;251.95;33.88;265.23;24.65;276.96;15.64;288.06;7.17;299.15;-0.40;310.67;--;--;--;--;--;--;
2024-06-16;--;--;--;--;--;--;--;--;3.81;55.98;11.94;67.21;20.75;78.23;29.94;89.60;39.12;102.08;47.83;116.83;55.30;135.55;60.28;159.82;61.26;188.15;57.85;214.68;51.28;235.69;42.99;251.92;33.94;265.21;24.71;276.95;15.69;288.04;7.23;299.13;-0.35;310.64;--;--;--;--;--;--;
2024-06-17;--;--;--;--;--;--;--;--;3.81;55.93;11.93;67.15;20.74;78.17;29.92;89.53;39.11;102.01;47.83;116.75;55.31;135.45;60.29;159.71;61.29;188.05;57.90;214.61;51.33;235.65;43.04;251.89;33.99;265.19;24.76;276.93;15.74;288.02;7.28;299.10;-0.30;310.61;--;--;--;--;--;--;
2024-06-18;--;--;--;--;--;--;--;--;3.80;55.87;11.91;67.10;20.73;78.12;29.91;89.48;39.09;101.94;47.81;116.67;55.30;135.36;60.30;159.60;61.31;187.95;57.94;214.54;51.37;235.60;43.08;251.86;34.04;265.16;24.80;276.90;15.79;287.99;7.32;299.07;-0.26;310.58;--;--;--;--;--;--;
2024-06-19;--;--;--;--;--;--;--;--;3.78;55.82;11.89;67.05;20.70;78.07;29.88;89.42;39.07;101.88;47.79;116.60;55.29;135.27;60.30;159.50;61.33;187.85;57.97;214.46;51.41;235.54;43.12;251.81;34.08;265.12;24.85;276.86;15.83;287.96;7.36;299.04;-0.23;310.54;--;--;--;--;--;--;
2024-06-20;--;--;--;--;--;--;--;--;3.76;55.78;11.87;67.00;20.68;78.02;29.85;89.37;39.04;101.82;47.77;116.53;55.27;135.19;60.30;159.40;61.34;187.75;57.99;214.38;51.44;235.48;43.16;251.77;34.11;265.08;24.88;276.83;15.86;287.92;7.39;299.00;-0.20;310.50;--;--;--;--;--;--;
2024-06-21;--;--;--;--;--;--;--;--;3.73;55.73;11.84;66.96;20.64;77.98;29.82;89.33;39.01;101.78;47.74;116.47;55.25;135.11;60.28;159.30;61.35;187.65;58.01;214.29;51.47;235.41;43.19;251.71;34.15;265.04;24.91;276.78;15.89;287.88;7.42;298.95;-0.18;310.45;--;--;--;--;--;--;
2024-06-22;--;--;--;--;--;--;--;--;3.70;55.70;11.80;66.92;20.61;77.94;29.78;89.29;38.97;101.73;47.70;116.42;55.22;135.04;60.26;159.20;61.34;187.54;58.02;214.20;51.49;235.34;43.22;251.65;34.17;264.98;24.94;276.74;15.92;287.84;7.44;298.91;-0.16;310.41;--;--;--;--;--;--;
2024-06-23;--;--;--;--;--;--;--;--;3.66;55.66;11.76;66.89;20.57;77.91;29.74;89.26;38.93;101.70;47.66;116.37;55.18;134.97;60.24;159.11;61.33;187.44;58.02;214.10;51.50;235.26;43.24;251.59;34.19;264.93;24.96;276.68;15.94;287.78;7.46;298.86;-0.15;310.35;--;--;--;--;--;--;
2024-06-24;--;--;--;--;--;--;--;--;3.62;55.63;11.72;66.86;20.52;77.89;29.69;89.23;38.88;101.67;47.62;116.33;55.14;134.92;60.21;159.03;61.31;187.33;58.02;214.00;51.51;235.17;43.25;251.51;34.21;264.86;24.98;276.63;15.95;287.73;7.47;298.80;-0.15;310.30;--;--;--;--;--;--;
2024-06-25;--;--;--;--;--;--;--;--;3.57;55.61;11.67;66.84;20.47;77.87;29.64;89.21;38.83;101.64;47.56;116.30;55.09;134.86;60.17;158.95;61.29;187.22;58.01;213.89;51.51;235.08;43.26;251.44;34.22;264.80;24.99;276.57;15.96;287.67;7.47;298.75;-0.15;310.24;--;--;--;--;--;--;
2024-06-26;--;--;--;--;--;--;--;--;3.52;55.58;11.61;66.82;20.41;77.85;29.58;89.20;38.77;101.62;47.51;116.27;55.04;134.82;60.12;158.87;61.26;187.12;58.00;213.78;51.51;234.98;43.26;251.35;34.23;264.72;24.99;276.50;15.96;287.61;7.47;298.68;-0.15;310.18;--;--;--;--;--;--;
2024-06-27;--;--;--;--;--;--;--;--;3.46;55.57;11.55;66.81;20.35;77.84;29.52;89.19;38.71;101.61;47.45;116.25;54.98;134.78;60.07;158.80;61.22;187.01;57.98;213.67;51.50;234.88;43.26;251.27;34.23;264.65;24.99;276.43;15.96;287.54;7.46;298.62;-0.17;310.12;--;--;--;--;--;--;
2024-06-28;--;--;--;--;--;--;--;--;3.39;55.55;11.48;66.80;20.28;77.84;29.45;89.19;38.64;101.61;47.38;116.24;54.91;134.75;60.01;158.73;61.18;186.91;57.95;213.55;51.49;234.78;43.25;251.17;34.22;264.56;24.99;276.35;15.95;287.47;7.45;298.55;-0.19;310.05;--;--;--;--;--;--;
2024-06-29;--;--;--;--;--;--;--;--;3.32;55.54;11.41;66.80;20.21;77.84;29.38;89.19;38.57;101.61;47.31;116.24;54.84;134.72;59.95;158.67;61.12;186.80;57.91;213.44;51.46;234.66;43.23;251.08;34.21;264.48;24.97;276.27;15.93;287.40;7.43;298.48;-0.21;309.98;--;--;--;--;--;--;
2024-06-30;--;--;--;--;--;--;--;--;3.25;55.54;11.34;66.80;20.13;77.84;29.31;89.20;38.50;101.62;47.23;116.24;54.77;134.71;59.87;158.61;61.07;186.70;57.87;213.31;51.44;234.55;43.21;250.97;34.19;264.38;24.96;276.19;15.91;287.32;7.40;298.41;-0.25;309.91;--;--;--;--;--;--;
2024-07-01;--;--;--;--;--;--;--;--;3.17;55.54;11.26;66.81;20.05;77.86;29.23;89.21;38.41;101.63;47.15;116.25;54.68;134.70;59.80;158.56;61.00;186.60;57.82;213.19;51.40;234.43;43.19;250.87;34.17;264.29;24.93;276.10;15.89;287.23;7.37;298.33;-0.29;309.84;--;--;--;--;--;--;
2024-07-02;--;--;--;--;--;--;--;--;3.08;55.54;11.17;66.82;19.97;77.87;29.14;89.23;38.33;101.65;47.06;116.26;54.60;134.69;59.71;158.51;60.93;186.50;57.77;213.06;51.36;234.30;43.16;250.75;34.14;264.19;24.90;276.01;15.85;287.15;7.33;298.25;-0.33;309.76;--;--;--;--;--;--;
2024-07-03;--;--;--;--;--;--;--;--;2.99;55.55;11.08;66.84;19.88;77.89;29.05;89.26;38.24;101.68;46.97;116.28;54.51;134.69;59.62;158.47;60.85;186.40;57.71;212.93;51.31;234.17;43.12;250.64;34.10;264.08;24.87;275.91;15.82;287.06;7.29;298.16;-0.38;309.68;--;--;--;--;--;--;
2024-07-04;--;--;--;--;--;--;--;--;2.89;55.57;10.99;66.86;19.79;77.92;28.96;89.29;38.15;101.71;46.88;116.31;54.41;134.71;59.53;158.44;60.76;186.30;57.64;212.80;51.26;234.04;43.07;250.51;34.06;263.97;24.83;275.81;15.77;286.97;7.24;298.07;-0.44;309.60;--;--;--;--;--;--;
2024-07-05;--;--;--;--;--;--;--;--;2.79;55.58;10.89;66.88;19.69;77.96;28.86;89.33;38.05;101.75;46.78;116.35;54.30;134.72;59.42;158.41;60.67;186.20;57.56;212.66;51.20;233.91;43.02;250.39;34.02;263.86;24.78;275.71;15.72;286.87;7.18;297.98;-0.50;309.51;--;--;--;--;--;--;
2024-07-06;--;--;--;--;--;--;--;--;2.69;55.61;10.79;66.92;19.59;77.99;28.76;89.37;37.95;101.80;46.67;116.39;54.20;134.75;59.31;158.38;60.57;186.11;57.48;212.53;51.13;233.77;42.97;250.26;33.96;263.74;24.73;275.60;15.67;286.77;7.12;297.89;-0.57;309.43;--;--;--;--;--;--;
2024-07-07;--;--;--;--;--;--;--;--;2.58;55.63;10.68;66.95;19.48;78.04;28.66;89.42;37.84;101.86;46.56;116.45;54.08;134.78;59.20;158.37;60.46;186.02;57.39;212.39;51.06;233.62;42.90;250.13;33.91;263.62;24.67;275.49;15.61;286.67;7.05;297.80;-0.65;309.34;--;--;--;--;--;--;
2024-07-08;--;--;--;--;--;--;--;--;2.47;55.67;10.57;67.00;19.37;78.09;28.55;89.48;37.73;101.92;46.45;116.50;53.97;134.82;59.08;158.36;60.35;185.93;57.30;212.25;50.98;233.48;42.84;249.99;33.84;263.50;24.61;275.38;15.54;286.56;6.98;297.70;-0.73;309.25;--;--;--;--;--;--;
2024-07-09;--;--;--;--;--;--;--;--;2.35;55.70;10.45;67.04;19.26;78.14;28.43;89.54;37.62;101.98;46.33;116.57;53.84;134.87;58.95;158.35;60.23;185.85;57.19;212.12;50.90;233.33;42.76;249.85;33.77;263.37;24.54;275.26;15.46;286.45;6.90;297.60;-0.82;309.16;--;--;--;--;--;--;
2024-07-10;--;--;--;--;--;--;--;--;2.22;55.75;10.33;67.10;19.14;78.21;28.32;89.61;37.50;102.06;46.21;116.64;53.72;134.92;58.82;158.35;60.11;185.77;57.09;211.98;50.81;233.18;42.68;249.71;33.70;263.24;24.46;275.14;15.38;286.34;6.81;297.49;--;--;--;--;--;--;--;--;
2024-07-11;--;--;--;--;--;--;--;--;2.10;55.79;10.21;67.15;19.02;78.27;28.20;89.69;37.38;102.14;46.09;116.72;53.58;134.98;58.68;158.36;59.97;185.69;56.97;211.84;50.71;233.02;42.59;249.56;33.62;263.10;24.38;275.01;15.30;286.23;6.72;297.39;--;--;--;--;--;--;--;--;
2024-07-12;--;--;--;--;--;--;--;--;1.96;55.85;10.08;67.22;18.90;78.35;28.07;89.77;37.25;102.22;45.96;116.81;53.44;135.05;58.54;158.37;59.84;185.61;56.85;211.70;50.60;232.86;42.50;249.41;33.53;262.96;24.29;274.89;15.21;286.11;6.62;297.28;--;--;--;--;--;--;--;--;
2024-07-13;--;--;--;--;--;--;--;--;1.83;55.90;9.95;67.28;18.77;78.42;27.95;89.85;37.12;102.32;45.82;116.90;53.30;135.12;58.39;158.39;59.69;185.54;56.72;211.56;50.49;232.71;42.40;249.26;33.43;262.82;24.20;274.76;15.11;285.99;6.52;297.17;--;--;--;--;--;--;--;--;
2024-07-14;--;--;--;--;--;--;--;--;1.69;55.96;9.81;67.36;18.64;78.51;27.82;89.95;36.99;102.42;45.68;117.00;53.16;135.21;58.24;158.41;59.54;185.47;56.58;211.42;50.37;232.54;42.30;249.10;33.33;262.68;24.10;274.63;15.01;285.87;6.41;297.06;--;--;--;--;--;--;--;--;
2024-07-15;--;--;--;--;--;--;--;--;1.54;56.03;9.67;67.44;18.50;78.60;27.68;90.04;36.86;102.52;45.54;117.11;53.00;135.30;58.08;158.44;59.38;185.41;56.44;211.28;50.25;232.38;42.18;248.94;33.23;262.53;23.99;274.49;14.90;285.75;6.29;296.94;--;--;--;--;--;--;--;--;
2024-07-16;--;--;--;--;--;--;--;--;1.39;56.10;9.53;67.52;18.36;78.69;27.55;90.15;36.72;102.63;45.40;117.22;52.85;135.39;57.91;158.48;59.22;185.34;56.29;211.14;50.12;232.22;42.07;248.78;33.12;262.38;23.88;274.35;14.78;285.62;6.17;296.83;--;--;--;--;--;--;--;--;
2024-07-17;--;--;--;--;--;--;--;--;1.24;56.18;9.38;67.61;18.22;78.79;27.40;90.26;36.57;102.75;45.25;117.34;52.69;135.49;57.74;158.52;59.05;185.29;56.14;211.00;49.98;232.05;41.94;248.62;33.00;262.23;23.76;274.21;14.66;285.49;6.04;296.71;--;--;--;--;--;--;--;--;
2024-07-18;--;--;--;--;--;--;--;--;1.08;56.26;9.23;67.70;18.07;78.90;27.26;90.37;36.43;102.88;45.09;117.47;52.52;135.60;57.56;158.57;58.87;185.23;55.98;210.87;49.84;231.89;41.81;248.45;32.87;262.08;23.64;274.07;14.53;285.36;5.90;296.59;--;--;--;--;--;--;--;--;
2024-07-19;--;--;--;--;--;--;--;--;0.92;56.35;9.08;67.80;17.92;79.01;27.11;90.50;36.28;103.01;44.94;117.60;52.35;135.72;57.38;158.63;58.69;185.18;55.81;210.73;49.69;231.72;41.68;248.29;32.74;261.92;23.51;273.93;14.40;285.23;5.76;296.47;--;--;--;--;--;--;--;--;
2024-07-20;--;--;--;--;--;--;--;--;0.76;56.44;8.92;67.91;17.77;79.13;26.96;90.62;36.13;103.14;44.78;117.74;52.18;135.84;57.20;158.69;58.50;185.14;55.63;210.60;49.53;231.55;41.53;248.12;32.61;261.76;23.38;273.78;14.26;285.09;5.61;296.35;--;--;--;--;--;--;--;--;
2024-07-21;--;--;--;--;--;--;--;--;0.59;56.53;8.76;68.02;17.62;79.25;26.81;90.76;35.97;103.29;44.61;117.89;52.00;135.97;57.01;158.75;58.31;185.09;55.45;210.46;49.37;231.38;41.38;247.95;32.47;261.60;23.23;273.63;14.11;284.95;5.46;296.22;--;--;--;--;--;--;--;--;
2024-07-22;--;--;--;--;--;--;--;--;0.42;56.64;8.60;68.14;17.46;79.38;26.65;90.90;35.81;103.44;44.44;118.04;51.82;136.11;56.81;158.82;58.11;185.06;55.27;210.33;49.20;231.22;41.23;247.78;32.32;261.44;23.09;273.48;13.96;284.82;5.30;296.10;--;--;--;--;--;--;--;--;
2024-07-23;--;--;--;--;--;--;--;--;0.25;56.74;8.43;68.26;17.30;79.51;26.50;91.04;35.65;103.59;44.27;118.20;51.63;136.25;56.61;158.90;57.90;185.02;55.08;210.20;49.03;231.05;41.07;247.60;32.16;261.27;22.93;273.33;13.81;284.68;5.14;295.97;--;--;--;--;--;--;--;--;
2024-07-24;--;--;--;--;--;--;--;--;0.07;56.85;8.26;68.38;17.14;79.65;26.33;91.19;35.48;103.75;44.10;118.36;51.44;136.40;56.40;158.98;57.69;184.99;54.88;210.07;48.85;230.88;40.90;247.43;32.00;261.11;22.78;273.18;13.64;284.53;4.97;295.84;--;--;--;--;--;--;--;--;
2024-07-25;--;--;--;--;--;--;--;--;-0.11;56.97;8.09;68.51;16.97;79.79;26.17;91.35;35.31;103.92;43.92;118.53;51.25;136.55;56.19;159.07;57.47;184.97;54.67;209.95;48.66;230.71;40.73;247.25;31.84;260.94;22.61;273.02;13.48;284.39;4.79;295.71;--;--;--;--;--;--;--;--;
2024-07-26;--;--;--;--;--;--;--;--;-0.30;57.09;7.92;68.65;16.80;79.94;26.00;91.51;35.14;104.09;43.74;118.71;51.05;136.71;55.97;159.17;57.25;184.94;54.46;209.83;48.47;230.54;40.55;247.08;31.67;260.77;22.44;272.86;13.30;284.25;4.61;295.58;--;--;--;--;--;--;--;--;
2024-07-27;--;--;--;--;--;--;--;--;-0.48;57.22;7.74;68.79;16.63;80.09;25.83;91.68;34.97;104.27;43.55;118.89;50.85;136.87;55.75;159.27;57.03;184.93;54.24;209.70;48.27;230.37;40.37;246.90;31.49;260.60;22.27;272.70;13.12;284.10;4.42;295.45;--;--;--;--;--;--;--;--;
2024-07-28;--;--;--;--;--;--;--;--;-0.68;57.35;7.56;68.93;16.45;80.25;25.66;91.85;34.79;104.45;43.37;119.08;50.64;137.05;55.53;159.37;56.79;184.91;54.02;209.58;48.07;230.20;40.18;246.72;31.31;260.43;22.08;272.55;12.94;283.95;4.23;295.31;--;--;--;--;--;--;--;--;
2024-07-29;--;--;--;--;--;--;--;--;--;--;7.37;69.09;16.28;80.42;25.48;92.02;34.61;104.64;43.17;119.28;50.43;137.22;55.30;159.48;56.55;184.90;53.79;209.47;47.85;230.03;39.98;246.55;31.12;260.26;21.90;272.38;12.75;283.81;4.03;295.18;--;--;--;--;--;--;--;--;
2024-07-30;--;--;--;--;--;--;--;--;--;--;7.19;69.24;16.10;80.59;25.31;92.21;34.43;104.84;42.98;119.48;50.22;137.40;55.06;159.59;56.31;184.90;53.56;209.35;47.64;229.87;39.78;246.37;30.93;260.09;21.70;272.22;12.55;283.66;3.83;295.04;--;--;--;--;--;--;--;--;
2024-07-31;--;--;--;--;--;--;--;--;--;--;7.00;69.40;15.92;80.76;25.13;92.39;34.25;105.04;42.78;119.68;50.00;137.59;54.83;159.71;56.06;184.89;53.32;209.24;47.42;229.70;39.57;246.19;30.73;259.92;21.51;272.06;12.35;283.51;3.62;294.91;--;--;--;--;--;--;--;--;
2024-08-01;--;--;--;--;--;--;--;--;--;--;6.81;69.57;15.73;80.94;24.94;92.59;34.06;105.24;42.58;119.89;49.78;137.78;54.58;159.84;55.81;184.90;53.07;209.13;47.19;229.54;39.36;246.01;30.52;259.74;21.30;271.90;12.14;283.35;3.40;294.77;--;--;--;--;--;--;--;--;
2024-08-02;--;--;--;--;--;--;--;--;--;--;6.62;69.74;15.55;81.12;24.76;92.78;33.87;105.45;42.38;120.10;49.56;137.98;54.33;159.96;55.55;184.90;52.82;209.02;46.95;229.37;39.14;245.83;30.31;259.57;21.09;271.73;11.93;283.20;3.18;294.63;--;--;--;--;--;--;--;--;
2024-08-03;--;--;--;--;--;--;--;--;--;--;6.42;69.91;15.36;81.31;24.57;92.99;33.68;105.66;42.17;120.32;49.33;138.18;54.08;160.10;55.29;184.91;52.57;208.92;46.72;229.21;38.91;245.65;30.09;259.39;20.88;271.57;11.71;283.05;2.96;294.49;--;--;--;--;--;--;--;--;
2024-08-04;--;--;--;--;--;--;--;--;--;--;6.22;70.09;15.17;81.51;24.38;93.19;33.48;105.88;41.96;120.55;49.10;138.39;53.83;160.23;55.02;184.93;52.31;208.82;46.47;229.05;38.68;245.48;29.87;259.21;20.66;271.40;11.49;282.89;2.72;294.35;--;--;--;--;--;--;--;--;
2024-08-05;--;--;--;--;--;--;--;--;--;--;6.02;70.28;14.97;81.70;24.19;93.41;33.28;106.11;41.75;120.78;48.86;138.60;53.57;160.37;54.75;184.94;52.04;208.72;46.22;228.89;38.45;245.30;29.64;259.04;20.43;271.23;11.26;282.74;2.49;294.21;--;--;--;--;--;--;--;--;
2024-08-06;--;--;--;--;--;--;--;--;--;--;5.82;70.47;14.78;81.91;24.00;93.62;33.08;106.34;41.54;121.01;48.63;138.81;53.30;160.52;54.47;184.96;51.77;208.62;45.96;228.73;38.21;245.12;29.41;258.86;20.20;271.06;11.02;282.58;2.25;294.07;--;--;--;--;--;--;--;--;
2024-08-07;--;--;--;--;--;--;--;--;--;--;5.61;70.66;14.58;82.11;23.80;93.84;32.88;106.57;41.32;121.25;48.38;139.03;53.04;160.67;54.19;184.99;51.49;208.53;45.70;228.57;37.96;244.94;29.17;258.69;19.97;270.90;10.79;282.43;2.00;293.93;--;--;--;--;--;--;--;--;
2024-08-08;--;--;--;--;--;--;--;--;--;--;5.41;70.86;14.38;82.33;23.60;94.07;32.68;106.81;41.10;121.49;48.14;139.26;52.76;160.82;53.90;185.01;51.21;208.44;45.44;228.42;37.71;244.77;28.93;258.51;19.73;270.73;10.54;282.27;1.75;293.79;--;--;--;--;--;--;--;--;
2024-08-09;--;--;--;--;--;--;--;--;--;--;5.20;71.06;14.18;82.54;23.40;94.30;32.47;107.05;40.88;121.74;47.89;139.48;52.49;160.97;53.61;185.05;50.92;208.35;45.17;228.26;37.45;244.59;28.68;258.33;19.48;270.56;10.29;282.11;1.49;293.65;--;--;--;--;--;--;--;--;
2024-08-10;--;--;--;--;--;--;--;--;--;--;4.99;71.27;13.98;82.76;23.20;94.53;32.26;107.30;40.65;121.99;47.64;139.71;52.21;161.13;53.31;185.08;50.63;208.27;44.89;228.11;37.19;244.41;28.43;258.16;19.23;270.39;10.04;281.96;1.23;293.51;--;--;--;--;--;--;--;--;
2024-08-11;--;--;--;--;--;--;--;--;--;--;4.77;71.48;13.77;82.99;23.00;94.77;32.05;107.55;40.42;122.25;47.38;139.95;51.93;161.29;53.01;185.12;50.34;208.18;44.61;227.96;36.92;244.24;28.17;257.98;18.98;270.22;9.78;281.80;0.97;293.36;--;--;--;--;--;--;--;--;
2024-08-12;--;--;--;--;--;--;--;--;--;--;4.56;71.69;13.57;83.22;22.79;95.01;31.83;107.80;40.19;122.50;47.13;140.18;51.64;161.46;52.71;185.16;50.04;208.10;44.32;227.81;36.65;244.07;27.91;257.80;18.72;270.05;9.52;281.64;0.70;293.22;--;--;--;--;--;--;--;--;
2024-08-13;--;--;--;--;--;--;--;--;--;--;4.34;71.91;13.36;83.45;22.58;95.26;31.62;108.06;39.95;122.77;46.87;140.43;51.35;161.63;52.40;185.20;49.73;208.03;44.03;227.67;36.38;243.89;27.64;257.63;18.45;269.88;9.25;281.48;0.42;293.08;--;--;--;--;--;--;--;--;
2024-08-14;--;--;--;--;--;--;--;--;--;--;4.13;72.14;13.15;83.68;22.37;95.51;31.40;108.32;39.72;123.03;46.60;140.67;51.06;161.80;52.09;185.25;49.42;207.95;43.74;227.52;36.09;243.72;27.37;257.45;18.18;269.71;8.98;281.32;0.14;292.93;--;--;--;--;--;--;--;--;
2024-08-15;--;--;--;--;--;--;--;--;--;--;3.91;72.36;12.94;83.93;22.16;95.76;31.18;108.59;39.48;123.30;46.33;140.92;50.76;161.97;51.78;185.29;49.11;207.88;43.44;227.38;35.81;243.55;27.09;257.27;17.91;269.54;8.70;281.16;-0.14;292.79;--;--;--;--;--;--;--;--;
2024-08-16;--;--;--;--;--;--;--;--;--;--;3.69;72.59;12.72;84.17;21.95;96.02;30.96;108.85;39.24;123.57;46.06;141.16;50.46;162.15;51.46;185.34;48.79;207.81;43.14;227.24;35.52;243.38;26.81;257.10;17.63;269.37;8.42;281.00;-0.43;292.64;--;--;--;--;--;--;--;--;
2024-08-17;--;--;--;--;--;--;--;--;--;--;3.46;72.83;12.51;84.42;21.73;96.28;30.73;109.13;38.99;123.85;45.79;141.42;50.15;162.32;51.13;185.40;48.47;207.74;42.83;227.10;35.23;243.21;26.53;256.92;17.35;269.20;8.14;280.84;-0.72;292.50;--;--;--;--;--;--;--;--;
2024-08-18;--;--;--;--;--;--;--;--;--;--;3.24;73.07;12.29;84.67;21.51;96.54;30.51;109.40;38.75;124.12;45.51;141.67;49.85;162.50;50.81;185.45;48.14;207.68;42.51;226.96;34.93;243.04;26.24;256.75;17.06;269.03;7.85;280.68;--;--;--;--;--;--;--;--;--;--;
2024-08-19;--;--;--;--;--;--;--;--;--;--;3.01;73.31;12.07;84.92;21.30;96.81;30.28;109.68;38.50;124.40;45.24;141.93;49.54;162.68;50.48;185.51;47.82;207.62;42.20;226.82;34.62;242.87;25.95;256.57;16.77;268.86;7.56;280.52;--;--;--;--;--;--;--;--;--;--;
2024-08-20;--;--;--;--;--;--;--;--;--;--;2.79;73.56;11.85;85.18;21.08;97.08;30.05;109.96;38.25;124.69;44.95;142.18;49.22;162.87;50.14;185.57;47.48;207.56;41.88;226.69;34.32;242.71;25.65;256.40;16.48;268.69;7.26;280.36;--;--;--;--;--;--;--;--;--;--;
2024-08-21;--;--;--;--;--;--;--;--;--;--;2.56;73.81;11.63;85.44;20.85;97.35;29.81;110.24;37.99;124.97;44.67;142.44;48.91;163.05;49.81;185.64;47.14;207.50;41.55;226.56;34.01;242.54;25.35;256.23;16.18;268.52;6.96;280.20;--;--;--;--;--;--;--;--;--;--;
2024-08-22;--;--;--;--;--;--;--;--;--;--;2.33;74.06;11.41;85.71;20.63;97.63;29.58;110.53;37.74;125.26;44.38;142.71;48.59;163.24;49.47;185.70;46.80;207.44;41.22;226.42;33.69;242.38;25.04;256.05;15.88;268.35;6.66;280.04;--;--;--;--;--;--;--;--;--;--;
2024-08-23;--;--;--;--;--;--;--;--;--;--;2.10;74.32;11.19;85.98;20.40;97.91;29.34;110.82;37.48;125.55;44.09;142.97;48.26;163.43;49.12;185.77;46.46;207.39;40.89;226.30;33.37;242.22;24.73;255.88;15.57;268.18;6.35;279.88;--;--;--;--;--;--;--;--;--;--;
2024-08-24;--;--;--;--;--;--;--;--;--;--;1.86;74.58;10.96;86.25;20.18;98.19;29.10;111.11;37.22;125.84;43.80;143.23;47.94;163.62;48.78;185.83;46.11;207.34;40.55;226.17;33.05;242.06;24.42;255.71;15.26;268.01;6.04;279.72;--;--;--;--;--;--;--;--;--;--;
2024-08-25;--;--;--;--;--;--;--;--;--;--;1.63;74.84;10.73;86.52;19.95;98.48;28.86;111.41;36.95;126.13;43.51;143.50;47.61;163.81;48.43;185.90;45.76;207.29;40.22;226.04;32.72;241.90;24.10;255.54;14.95;267.84;5.72;279.56;--;--;--;--;--;--;--;--;--;--;
2024-08-26;--;--;--;--;--;--;--;--;--;--;1.40;75.10;10.51;86.80;19.72;98.76;28.62;111.70;36.69;126.43;43.21;143.77;47.28;164.00;48.08;185.97;45.41;207.24;39.87;225.92;32.39;241.74;23.78;255.37;14.64;267.67;5.41;279.40;--;--;--;--;--;--;--;--;--;--;
2024-08-27;--;--;--;--;--;--;--;--;--;--;1.16;75.37;10.28;87.08;19.49;99.05;28.38;112.00;36.42;126.73;42.91;144.03;46.95;164.19;47.72;186.05;45.05;207.20;39.53;225.80;32.06;241.58;23.46;255.20;14.32;267.50;5.09;279.24;--;--;--;--;--;--;--;--;--;--;
2024-08-28;--;--;--;--;--;--;--;--;--;--;0.92;75.64;10.05;87.36;19.26;99.35;28.13;112.30;36.15;127.02;42.61;144.30;46.61;164.38;47.36;186.12;44.69;207.15;39.18;225.68;31.73;241.42;23.13;255.03;13.99;267.33;4.76;279.07;--;--;--;--;--;--;--;--;--;--;
2024-08-29;--;--;--;--;--;--;--;--;--;--;0.69;75.92;9.82;87.64;19.02;99.64;27.88;112.60;35.88;127.32;42.30;144.57;46.27;164.58;47.00;186.19;44.33;207.11;38.83;225.56;31.39;241.27;22.80;254.86;13.67;267.16;4.43;278.91;--;--;--;--;--;--;--;--;--;--;
2024-08-30;--;--;--;--;--;--;--;--;--;--;0.45;76.20;9.58;87.93;18.79;99.94;27.63;112.90;35.61;127.62;42.00;144.84;45.93;164.77;46.64;186.27;43.96;207.07;38.47;225.44;31.04;241.11;22.47;254.69;13.34;267.00;4.10;278.75;--;--;--;--;--;--;--;--;--;--;
2024-08-31;--;--;--;--;--;--;--;--;--;--;0.21;76.48;9.35;88.22;18.55;100.23;27.38;113.21;35.33;127.92;41.69;145.11;45.59;164.96;46.28;186.35;43.59;207.03;38.11;225.33;30.70;240.96;22.14;254.53;13.01;266.83;3.77;278.59;--;--;--;--;--;--;--;--;--;--;
2024-09-01;--;--;--;--;--;--;--;--;--;--;-0.03;76.76;9.11;88.51;18.31;100.53;27.13;113.51;35.05;128.22;41.38;145.38;45.24;165.16;45.91;186.42;43.22;207.00;37.75;225.21;30.35;240.80;21.80;254.36;12.68;266.66;3.44;278.43;--;--;--;--;--;--;--;--;--;--;
2024-09-02;--;--;--;--;--;--;--;--;--;--;-0.27;77.04;8.88;88.80;18.07;100.83;26.88;113.82;34.77;128.53;41.06;145.65;44.89;165.35;45.54;186.50;42.85;206.96;37.39;225.10;30.00;240.65;21.46;254.19;12.34;266.49;3.10;278.26;--;--;--;--;--;--;--;--;--;--;
2024-09-03;--;--;--;--;--;--;--;--;--;--;-0.52;77.33;8.64;89.10;17.83;101.14;26.62;114.13;34.49;128.83;40.75;145.92;44.54;165.54;45.17;186.58;42.48;206.92;37.02;224.99;29.65;240.50;21.11;254.03;12.00;266.32;2.76;278.10;--;--;--;--;--;--;--;--;--;--;
2024-09-04;--;--;--;--;--;--;--;--;--;--;-0.76;77.62;8.40;89.39;17.59;101.44;26.36;114.44;34.21;129.13;40.43;146.19;44.19;165.74;44.79;186.66;42.10;206.89;36.65;224.88;29.29;240.35;20.77;253.86;11.66;266.15;2.42;277.94;--;--;--;--;--;--;--;--;--;--;
2024-09-05;--;--;--;--;--;--;--;--;--;--;--;--;8.17;89.69;17.34;101.75;26.10;114.75;33.92;129.44;40.11;146.46;43.84;165.93;44.41;186.74;41.72;206.86;36.28;224.77;28.93;240.20;20.42;253.70;11.32;265.99;2.07;277.78;--;--;--;--;--;--;--;--;--;--;
2024-09-06;--;--;--;--;--;--;--;--;--;--;--;--;7.93;89.99;17.10;102.05;25.84;115.06;33.64;129.74;39.79;146.73;43.48;166.12;44.04;186.81;41.34;206.83;35.91;224.66;28.57;240.06;20.07;253.53;10.97;265.82;1.73;277.61;--;--;--;--;--;--;--;--;--;--;
2024-09-07;--;--;--;--;--;--;--;--;--;--;--;--;7.68;90.29;16.85;102.36;25.58;115.37;33.35;130.04;39.46;147.00;43.12;166.31;43.66;186.89;40.95;206.80;35.54;224.55;28.21;239.91;19.72;253.37;10.62;265.65;1.38;277.45;--;--;--;--;--;--;--;--;--;--;
2024-09-08;--;--;--;--;--;--;--;--;--;--;--;--;7.44;90.60;16.60;102.67;25.32;115.68;33.06;130.35;39.14;147.27;42.76;166.50;43.28;186.97;40.57;206.77;35.16;224.45;27.85;239.76;19.36;253.20;10.27;265.48;1.03;277.29;--;--;--;--;--;--;--;--;--;--;
2024-09-09;--;--;--;--;--;--;--;--;--;--;--;--;7.20;90.90;16.36;102.98;25.05;115.99;32.76;130.65;38.81;147.54;42.40;166.69;42.89;187.05;40.18;206.74;34.78;224.34;27.48;239.62;19.01;253.04;9.92;265.32;0.68;277.12;--;--;--;--;--;--;--;--;--;--;
2024-09-10;--;--;--;--;--;--;--;--;--;--;--;--;6.96;91.21;16.11;103.29;24.79;116.31;32.47;130.95;38.48;147.80;42.04;166.88;42.51;187.13;39.79;206.71;34.40;224.24;27.12;239.47;18.65;252.88;9.57;265.15;0.32;276.96;--;--;--;--;--;--;--;--;--;--;
2024-09-11;--;--;--;--;--;--;--;--;--;--;--;--;6.71;91.51;15.86;103.60;24.52;116.62;32.17;131.25;38.15;148.07;41.67;167.07;42.12;187.21;39.40;206.68;34.02;224.14;26.75;239.33;18.29;252.71;9.22;264.98;-0.03;276.80;--;--;--;--;--;--;--;--;--;--;
2024-09-12;--;--;--;--;--;--;--;--;--;--;--;--;6.47;91.82;15.60;103.91;24.25;116.93;31.88;131.55;37.82;148.33;41.31;167.26;41.73;187.29;39.01;206.65;33.64;224.04;26.38;239.19;17.93;252.55;8.86;264.81;-0.39;276.63;--;--;--;--;--;--;--;--;--;--;
2024-09-13;--;--;--;--;--;--;--;--;--;--;--;--;6.22;92.13;15.35;104.22;23.98;117.24;31.58;131.85;37.49;148.59;40.94;167.44;41.35;187.37;38.62;206.63;33.25;223.94;26.00;239.04;17.57;252.39;8.50;264.64;-0.74;276.47;--;--;--;--;--;--;--;--;--;--;
2024-09-14;--;--;--;--;--;--;--;--;--;--;--;--;5.97;92.44;15.10;104.54;23.71;117.55;31.28;132.15;37.15;148.85;40.57;167.63;40.96;187.44;38.22;206.60;32.87;223.84;25.63;238.90;17.21;252.23;8.15;264.48;--;--;--;--;--;--;--;--;--;--;--;--;
2024-09-15;--;--;--;--;--;--;--;--;--;--;--;--;5.73;92.74;14.84;104.85;23.43;117.86;30.98;132.45;36.82;149.11;40.20;167.81;40.56;187.52;37.83;206.57;32.48;223.74;25.26;238.76;16.84;252.07;7.79;264.31;--;--;--;--;--;--;--;--;--;--;--;--;
2024-09-16;--;--;--;--;--;--;--;--;--;--;--;--;5.48;93.05;14.58;105.16;23.16;118.17;30.67;132.75;36.48;149.37;39.83;167.99;40.17;187.60;37.43;206.55;32.10;223.64;24.88;238.62;16.48;251.91;7.43;264.14;--;--;--;--;--;--;--;--;--;--;--;--;
2024-09-17;--;--;--;--;--;--;--;--;--;--;--;--;5.23;93.36;14.33;105.47;22.88;118.48;30.37;133.04;36.14;149.63;39.46;168.17;39.78;187.67;37.04;206.52;31.71;223.54;24.51;238.48;16.11;251.75;7.07;263.97;--;--;--;--;--;--;--;--;--;--;--;--;
2024-09-18;--;--;--;--;--;--;--;--;--;--;--;--;4.98;93.67;14.07;105.78;22.60;118.79;30.06;133.34;35.80;149.88;39.09;168.35;39.39;187.74;36.64;206.50;31.32;223.44;24.13;238.34;15.75;251.59;6.71;263.80;--;--;--;--;--;--;--;--;--;--;--;--;
2024-09-19;--;--;--;--;--;--;--;--;--;--;--;--;4.73;93.98;13.81;106.09;22.33;119.10;29.76;133.63;35.46;150.13;38.71;168.52;38.99;187.82;36.24;206.47;30.93;223.34;23.75;238.20;15.38;251.43;6.35;263.64;--;--;--;--;--;--;--;--;--;--;--;--;
2024-09-20;--;--;--;--;--;--;--;--;--;--;--;--;4.48;94.29;13.55;106.40;22.05;119.41;29.45;133.92;35.11;150.38;38.34;168.70;38.60;187.89;35.85;206.44;30.54;223.25;23.38;238.06;15.01;251.26;5.98;263.47;--;--;--;--;--;--;--;--;--;--;--;--;
2024-09-21;--;--;--;--;--;--;--;--;--;--;--;--;4.22;94.60;13.29;106.71;21.77;119.71;29.14;134.21;34.77;150.63;37.96;168.87;38.20;187.96;35.45;206.42;30.15;223.15;23.00;237.92;14.64;251.10;5.62;263.30;--;--;--;--;--;--;--;--;--;--;--;--;
2024-09-22;--;--;--;--;--;--;--;--;--;--;--;--;3.97;94.91;13.03;107.02;21.48;120.02;28.83;134.49;34.43;150.87;37.59;169.04;37.81;188.03;35.05;206.39;29.76;223.05;22.62;237.78;14.28;250.94;5.26;263.13;--;--;--;--;--;--;--;--;--;--;--;--;
2024-09-23;--;--;--;--;--;--;--;--;--;--;--;--;3.72;95.22;12.76;107.33;21.20;120.32;28.52;134.78;34.08;151.11;37.21;169.20;37.41;188.10;34.65;206.36;29.37;222.95;22.24;237.64;13.91;250.78;4.90;262.96;--;--;--;--;--;--;--;--;--;--;--;--;
2024-09-24;--;--;--;--;--;--;--;--;--;--;--;--;3.46;95.53;12.50;107.64;20.92;120.62;28.21;135.06;33.74;151.35;36.83;169.37;37.02;188.16;34.25;206.34;28.98;222.86;21.87;237.50;13.54;250.62;4.54;262.79;--;--;--;--;--;--;--;--;--;--;--;--;
2024-09-25;--;--;--;--;--;--;--;--;--;--;--;--;3.21;95.84;12.24;107.94;20.63;120.92;27.89;135.34;33.39;151.59;36.46;169.53;36.62;188.23;33.86;206.31;28.59;222.76;21.49;237.36;13.17;250.46;4.18;262.62;--;--;--;--;--;--;--;--;--;--;--;--;
2024-09-26;--;--;--;--;--;--;--;--;--;--;--;--;2.95;96.15;11.97;108.25;20.35;121.22;27.58;135.62;33.04;151.82;36.08;169.69;36.23;188.29;33.46;206.28;28.20;222.66;21.11;237.23;12.81;250.30;3.82;262.45;--;--;--;--;--;--;--;--;--;--;--;--;
2024-09-27;--;--;--;--;--;--;--;--;--;--;--;--;2.70;96.45;11.70;108.55;20.06;121.51;27.26;135.89;32.69;152.06;35.70;169.84;35.83;188.35;33.06;206.25;27.81;222.57;20.73;237.09;12.44;250.14;3.46;262.28;--;--;--;--;--;--;--;--;--;--;--;--;
2024-09-28;--;--;--;--;--;--;--;--;--;--;--;--;2.44;96.76;11.44;108.85;19.78;121.80;26.95;136.17;32.35;152.28;35.32;170.00;35.44;188.41;32.66;206.22;27.43;222.47;20.36;236.95;12.08;249.98;3.10;262.10;--;--;--;--;--;--;--;--;--;--;--;--;
2024-09-29;--;--;--;--;--;--;--;--;--;--;--;--;2.19;97.06;11.17;109.15;19.49;122.10;26.63;136.43;32.00;152.51;34.95;170.15;35.04;188.47;32.27;206.19;27.04;222.37;19.98;236.81;11.71;249.82;2.74;261.93;--;--;--;--;--;--;--;--;--;--;--;--;
2024-09-30;--;--;--;--;--;--;--;--;--;--;--;--;1.93;97.36;10.90;109.45;19.20;122.38;26.32;136.70;31.65;152.73;34.57;170.30;34.65;188.52;31.87;206.16;26.65;222.27;19.61;236.67;11.35;249.66;2.38;261.76;--;--;--;--;--;--;--;--;--;--;--;--;
2024-10-01;--;--;--;--;--;--;--;--;--;--;--;--;1.67;97.66;10.63;109.75;18.91;122.67;26.00;136.97;31.30;152.95;34.19;170.44;34.25;188.58;31.48;206.12;26.26;222.18;19.23;236.53;10.99;249.49;2.03;261.58;--;--;--;--;--;--;--;--;--;--;--;--;
2024-10-02;--;--;--;--;--;--;--;--;--;--;--;--;1.42;97.96;10.37;110.04;18.62;122.96;25.68;137.23;30.95;153.17;33.82;170.59;33.86;188.63;31.08;206.09;25.88;222.08;18.86;236.39;10.63;249.33;1.67;261.41;--;--;--;--;--;--;--;--;--;--;--;--;
2024-10-03;--;--;--;--;--;--;--;--;--;--;--;--;1.16;98.26;10.10;110.33;18.33;123.24;25.36;137.48;30.60;153.38;33.44;170.73;33.47;188.68;30.69;206.05;25.50;221.98;18.49;236.25;10.27;249.17;1.32;261.24;--;--;--;--;--;--;--;--;--;--;--;--;
2024-10-04;--;--;--;--;--;--;--;--;--;--;--;--;0.90;98.56;9.83;110.62;18.04;123.51;25.04;137.74;30.25;153.59;33.06;170.86;33.08;188.73;30.30;206.02;25.11;221.88;18.12;236.11;9.91;249.01;0.97;261.06;--;--;--;--;--;--;--;--;--;--;--;--;
2024-10-05;--;--;--;--;--;--;--;--;--;--;--;--;0.64;98.85;9.56;110.91;17.75;123.79;24.73;137.99;29.90;153.79;32.69;171.00;32.69;188.77;29.91;205.98;24.73;221.78;17.75;235.97;9.55;248.84;0.62;260.88;--;--;--;--;--;--;--;--;--;--;--;--;
2024-10-06;--;--;--;--;--;--;--;--;--;--;--;--;0.38;99.15;9.29;111.20;17.46;124.06;24.41;138.24;29.55;153.99;32.31;171.13;32.30;188.82;29.52;205.94;24.35;221.68;17.39;235.83;9.20;248.68;0.27;260.71;--;--;--;--;--;--;--;--;--;--;--;--;
2024-10-07;--;--;--;--;--;--;--;--;--;--;--;--;0.12;99.44;9.01;111.48;17.17;124.33;24.09;138.48;29.20;154.19;31.94;171.25;31.91;188.86;29.13;205.90;23.98;221.58;17.02;235.69;8.84;248.51;-0.07;260.53;--;--;--;--;--;--;--;--;--;--;--;--;
2024-10-08;--;--;--;--;--;--;--;--;--;--;--;--;-0.13;99.73;8.74;111.76;16.88;124.60;23.77;138.72;28.86;154.38;31.57;171.38;31.53;188.90;28.75;205.86;23.60;221.48;16.66;235.55;8.49;248.35;-0.42;260.35;--;--;--;--;--;--;--;--;--;--;--;--;
2024-10-09;--;--;--;--;--;--;--;--;--;--;--;--;-0.39;100.01;8.47;112.04;16.58;124.86;23.45;138.96;28.51;154.57;31.19;171.50;31.14;188.93;28.36;205.82;23.23;221.37;16.30;235.41;8.14;248.18;-0.76;260.17;--;--;--;--;--;--;--;--;--;--;--;--;
2024-10-10;--;--;--;--;--;--;--;--;--;--;--;--;-0.65;100.30;8.20;112.31;16.29;125.12;23.13;139.19;28.16;154.76;30.82;171.61;30.76;188.97;27.98;205.77;22.86;221.27;15.94;235.27;7.80;248.02;--;--;--;--;--;--;--;--;--;--;--;--;--;--;
2024-10-11;--;--;--;--;--;--;--;--;--;--;--;--;--;--;7.93;112.58;16.00;125.38;22.81;139.42;27.81;154.94;30.45;171.73;30.38;189.00;27.60;205.73;22.49;221.17;15.59;235.12;7.45;247.85;--;--;--;--;--;--;--;--;--;--;--;--;--;--;
2024-10-12;--;--;--;--;--;--;--;--;--;--;--;--;--;--;7.66;112.85;15.71;125.63;22.49;139.65;27.47;155.12;30.09;171.84;30.00;189.03;27.22;205.68;22.12;221.06;15.23;234.98;7.11;247.69;--;--;--;--;--;--;--;--;--;--;--;--;--;--;
2024-10-13;--;--;--;--;--;--;--;--;--;--;--;--;--;--;7.39;113.12;15.41;125.88;22.18;139.87;27.12;155.30;29.72;171.94;29.62;189.05;26.85;205.63;21.75;220.95;14.88;234.84;6.77;247.52;--;--;--;--;--;--;--;--;--;--;--;--;--;--;
2024-10-14;--;--;--;--;--;--;--;--;--;--;--;--;--;--;7.11;113.38;15.12;126.13;21.86;140.09;26.78;155.47;29.36;172.04;29.25;189.08;26.48;205.58;21.39;220.85;14.53;234.69;6.44;247.35;--;--;--;--;--;--;--;--;--;--;--;--;--;--;
2024-10-15;--;--;--;--;--;--;--;--;--;--;--;--;--;--;6.84;113.64;14.83;126.37;21.54;140.30;26.44;155.63;28.99;172.14;28.88;189.10;26.11;205.53;21.03;220.74;14.19;234.55;6.10;247.18;--;--;--;--;--;--;--;--;--;--;--;--;--;--;
2024-10-16;--;--;--;--;--;--;--;--;--;--;--;--;--;--;6.57;113.89;14.54;126.61;21.23;140.51;26.10;155.79;28.63;172.24;28.51;189.11;25.74;205.47;20.68;220.63;13.84;234.40;5.77;247.01;--;--;--;--;--;--;--;--;--;--;--;--;--;--;
2024-10-17;--;--;--;--;--;--;--;--;--;--;--;--;--;--;6.30;114.15;14.25;126.84;20.91;140.71;25.76;155.95;28.27;172.33;28.14;189.13;25.37;205.42;20.32;220.52;13.50;234.25;5.45;246.84;--;--;--;--;--;--;--;--;--;--;--;--;--;--;
2024-10-18;--;--;--;--;--;--;--;--;--;--;--;--;--;--;6.03;114.39;13.96;127.07;20.60;140.91;25.42;156.11;27.91;172.42;27.77;189.14;25.01;205.36;19.97;220.41;13.17;234.11;5.12;246.67;--;--;--;--;--;--;--;--;--;--;--;--;--;--;
2024-10-19;--;--;--;--;--;--;--;--;--;--;--;--;--;--;5.76;114.64;13.67;127.30;20.28;141.11;25.08;156.25;27.56;172.50;27.41;189.15;24.65;205.30;19.63;220.30;12.84;233.96;4.80;246.50;--;--;--;--;--;--;--;--;--;--;--;--;--;--;
2024-10-20;--;--;--;--;--;--;--;--;--;--;--;--;--;--;5.49;114.88;13.38;127.52;19.97;141.30;24.74;156.40;27.20;172.58;27.05;189.16;24.30;205.24;19.28;220.19;12.51;233.81;4.49;246.33;--;--;--;--;--;--;--;--;--;--;--;--;--;--;
2024-10-21;--;--;--;--;--;--;--;--;--;--;--;--;--;--;5.22;115.11;13.09;127.74;19.66;141.49;24.41;156.54;26.85;172.66;26.69;189.16;23.94;205.18;18.94;220.07;12.18;233.66;4.17;246.15;--;--;--;--;--;--;--;--;--;--;--;--;--;--;
2024-10-22;--;--;--;--;--;--;--;--;--;--;--;--;--;--;4.95;115.35;12.80;127.95;19.35;141.67;24.08;156.67;26.50;172.73;26.34;189.16;23.59;205.12;18.60;219.96;11.86;233.51;3.86;245.98;--;--;--;--;--;--;--;--;--;--;--;--;--;--;
2024-10-23;--;--;--;--;--;--;--;--;--;--;--;--;--;--;4.68;115.57;12.51;128.16;19.04;141.85;23.75;156.81;26.16;172.80;25.99;189.16;23.25;205.05;18.27;219.84;11.54;233.36;3.56;245.81;--;--;--;--;--;--;--;--;--;--;--;--;--;--;
2024-10-24;--;--;--;--;--;--;--;--;--;--;--;--;--;--;4.41;115.80;12.23;128.36;18.73;142.02;23.42;156.93;25.82;172.86;25.64;189.16;22.91;204.98;17.94;219.72;11.23;233.21;3.26;245.63;--;--;--;--;--;--;--;--;--;--;--;--;--;--;
2024-10-25;--;--;--;--;--;--;--;--;--;--;--;--;--;--;4.14;116.02;11.94;128.56;18.43;142.19;23.09;157.05;25.47;172.93;25.29;189.15;22.57;204.91;17.62;219.60;10.92;233.06;2.96;245.46;--;--;--;--;--;--;--;--;--;--;--;--;--;--;
2024-10-26;--;--;--;--;--;--;--;--;--;--;--;--;--;--;3.88;116.23;11.66;128.75;18.12;142.35;22.77;157.17;25.14;172.98;24.95;189.14;22.23;204.84;17.29;219.48;10.61;232.90;2.67;245.28;--;--;--;--;--;--;--;--;--;--;--;--;--;--;
2024-10-27;--;--;--;--;--;--;--;--;--;--;--;--;--;--;3.61;116.44;11.38;128.94;17.82;142.51;22.45;157.28;24.80;173.03;24.61;189.13;21.90;204.76;16.98;219.36;10.31;232.75;2.38;245.11;--;--;--;--;--;--;--;--;--;--;--;--;--;--;
2024-10-28;--;--;--;--;--;--;--;--;--;--;--;--;--;--;3.35;116.65;11.09;129.13;17.52;142.66;22.13;157.39;24.47;173.08;24.28;189.11;21.58;204.69;16.66;219.24;10.01;232.59;2.10;244.93;--;--;--;--;--;--;--;--;--;--;--;--;--;--;
2024-10-29;--;--;--;--;--;--;--;--;--;--;--;--;--;--;3.08;116.85;10.81;129.31;17.22;142.81;21.81;157.50;24.14;173.13;23.95;189.09;21.25;204.61;16.36;219.12;9.72;232.44;1.82;244.75;--;--;--;--;--;--;--;--;--;--;--;--;--;--;
2024-10-30;--;--;--;--;--;--;--;--;--;--;--;--;--;--;2.82;117.05;10.54;129.48;16.92;142.96;21.49;157.59;23.82;173.17;23.62;189.07;20.93;204.53;16.05;218.99;9.43;232.28;1.55;244.58;--;--;--;--;--;--;--;--;--;--;--;--;--;--;
2024-10-31;--;--;--;--;--;--;--;--;--;--;--;--;--;--;2.56;117.24;10.26;129.65;16.63;143.09;21.18;157.69;23.50;173.21;23.30;189.04;20.62;204.45;15.75;218.87;9.15;232.13;1.28;244.40;--;--;--;--;--;--;--;--;--;--;--;--;--;--;
2024-11-01;--;--;--;--;--;--;--;--;--;--;--;--;--;--;2.30;117.43;9.98;129.82;16.33;143.23;20.88;157.78;23.18;173.24;22.98;189.02;20.31;204.37;15.46;218.74;8.87;231.97;1.01;244.22;--;--;--;--;--;--;--;--;--;--;--;--;--;--;
2024-11-02;--;--;--;--;--;--;--;--;--;--;--;--;--;--;2.04;117.61;9.71;129.98;16.04;143.36;20.57;157.86;22.86;173.27;22.67;188.99;20.01;204.28;15.17;218.61;8.60;231.81;0.76;244.04;--;--;--;--;--;--;--;--;--;--;--;--;--;--;
2024-11-03;--;--;--;--;--;--;--;--;--;--;--;--;--;--;1.78;117.78;9.44;130.13;15.75;143.48;20.27;157.94;22.55;173.29;22.36;188.95;19.71;204.19;14.88;218.48;8.33;231.65;0.50;243.86;--;--;--;--;--;--;--;--;--;--;--;--;--;--;
2024-11-04;--;--;--;--;--;--;--;--;--;--;--;--;--;--;1.53;117.96;9.17;130.28;15.47;143.60;19.97;158.02;22.25;173.31;22.05;188.91;19.41;204.10;14.60;218.35;8.06;231.49;0.25;243.68;--;--;--;--;--;--;--;--;--;--;--;--;--;--;
2024-11-05;--;--;--;--;--;--;--;--;--;--;--;--;--;--;1.27;118.12;8.90;130.43;15.18;143.71;19.67;158.09;21.94;173.33;21.75;188.87;19.12;204.01;14.33;218.22;7.81;231.34;0.01;243.50;--;--;--;--;--;--;--;--;--;--;--;--;--;--;
2024-11-06;--;--;--;--;--;--;--;--;--;--;--;--;--;--;1.02;118.28;8.63;130.56;14.90;143.82;19.38;158.15;21.65;173.34;21.46;188.83;18.84;203.92;14.06;218.09;7.55;231.18;-0.23;243.32;--;--;--;--;--;--;--;--;--;--;--;--;--;--;
2024-11-07;--;--;--;--;--;--;--;--;--;--;--;--;--;--;0.77;118.44;8.37;130.70;14.63;143.92;19.09;158.21;21.35;173.35;21.17;188.79;18.56;203.83;13.80;217.96;7.31;231.02;-0.46;243.14;--;--;--;--;--;--;--;--;--;--;--;--;--;--;
2024-11-08;--;--;--;--;--;--;--;--;--;--;--;--;--;--;0.52;118.59;8.11;130.83;14.35;144.02;18.81;158.27;21.06;173.36;20.88;188.74;18.28;203.73;13.54;217.82;7.07;230.85;-0.68;242.96;--;--;--;--;--;--;--;--;--;--;--;--;--;--;
2024-11-09;--;--;--;--;--;--;--;--;--;--;--;--;--;--;0.28;118.73;7.85;130.95;14.08;144.11;18.52;158.32;20.78;173.36;20.60;188.69;18.01;203.63;13.29;217.69;6.83;230.69;--;--;--;--;--;--;--;--;--;--;--;--;--;--;--;--;
2024-11-10;--;--;--;--;--;--;--;--;--;--;--;--;--;--;0.03;118.87;7.59;131.07;13.81;144.20;18.25;158.37;20.50;173.36;20.32;188.63;17.75;203.53;13.04;217.55;6.60;230.53;--;--;--;--;--;--;--;--;--;--;--;--;--;--;--;--;
2024-11-11;--;--;--;--;--;--;--;--;--;--;--;--;--;--;-0.21;119.01;7.34;131.18;13.55;144.28;17.97;158.41;20.22;173.35;20.05;188.57;17.49;203.43;12.80;217.42;6.38;230.37;--;--;--;--;--;--;--;--;--;--;--;--;--;--;--;--;
2024-11-12;--;--;--;--;--;--;--;--;--;--;--;--;--;--;-0.45;119.14;7.09;131.28;13.29;144.35;17.70;158.44;19.95;173.34;19.79;188.51;17.24;203.33;12.56;217.28;6.16;230.21;--;--;--;--;--;--;--;--;--;--;--;--;--;--;--;--;
2024-11-13;--;--;--;--;--;--;--;--;--;--;--;--;--;--;-0.69;119.26;6.84;131.39;13.03;144.43;17.44;158.48;19.68;173.32;19.53;188.45;16.99;203.22;12.33;217.14;5.95;230.05;--;--;--;--;--;--;--;--;--;--;--;--;--;--;--;--;
2024-11-14;--;--;--;--;--;--;--;--;--;--;--;--;--;--;--;--;6.60;131.48;12.77;144.49;17.18;158.50;19.42;173.31;19.27;188.39;16.75;203.11;12.11;217.00;5.74;229.89;--;--;--;--;--;--;--;--;--;--;--;--;--;--;--;--;
2024-11-15;--;--;--;--;--;--;--;--;--;--;--;--;--;--;--;--;6.36;131.57;12.52;144.55;16.92;158.53;19.17;173.28;19.03;188.32;16.52;203.01;11.89;216.86;5.54;229.72;--;--;--;--;--;--;--;--;--;--;--;--;--;--;--;--;
2024-11-16;--;--;--;--;--;--;--;--;--;--;--;--;--;--;--;--;6.12;131.65;12.28;144.61;16.67;158.54;18.91;173.26;18.78;188.25;16.29;202.90;11.68;216.72;5.35;229.56;--;--;--;--;--;--;--;--;--;--;--;--;--;--;--;--;
2024-11-17;--;--;--;--;--;--;--;--;--;--;--;--;--;--;--;--;5.88;131.73;12.03;144.66;16.42;158.56;18.67;173.23;18.55;188.18;16.07;202.78;11.48;216.58;5.16;229.40;--;--;--;--;--;--;--;--;--;--;--;--;--;--;--;--;
2024-11-18;--;--;--;--;--;--;--;--;--;--;--;--;--;--;--;--;5.65;131.81;11.80;144.70;16.18;158.57;18.43;173.19;18.31;188.10;15.85;202.67;11.28;216.44;4.98;229.24;--;--;--;--;--;--;--;--;--;--;--;--;--;--;--;--;
2024-11-19;--;--;--;--;--;--;--;--;--;--;--;--;--;--;--;--;5.42;131.87;11.56;144.74;15.94;158.57;18.19;173.16;18.09;188.02;15.64;202.56;11.09;216.30;4.81;229.08;--;--;--;--;--;--;--;--;--;--;--;--;--;--;--;--;
2024-11-20;--;--;--;--;--;--;--;--;--;--;--;--;--;--;--;--;5.20;131.94;11.33;144.78;15.71;158.57;17.97;173.12;17.87;187.94;15.44;202.44;10.90;216.16;4.64;228.92;--;--;--;--;--;--;--;--;--;--;--;--;--;--;--;--;
2024-11-21;--;--;--;--;--;--;--;--;--;--;--;--;--;--;--;--;4.98;131.99;11.11;144.80;15.48;158.56;17.74;173.07;17.66;187.86;15.24;202.33;10.72;216.02;4.48;228.76;--;--;--;--;--;--;--;--;--;--;--;--;--;--;--;--;
2024-11-22;--;--;--;--;--;--;--;--;--;--;--;--;--;--;--;--;4.76;132.04;10.88;144.83;15.26;158.55;17.53;173.03;17.45;187.77;15.05;202.21;10.55;215.87;4.33;228.60;--;--;--;--;--;--;--;--;--;--;--;--;--;--;--;--;
2024-11-23;--;--;--;--;--;--;--;--;--;--;--;--;--;--;--;--;4.55;132.09;10.67;144.85;15.05;158.54;17.31;172.98;17.25;187.69;14.87;202.09;10.39;215.73;4.18;228.44;--;--;--;--;--;--;--;--;--;--;--;--;--;--;--;--;
2024-11-24;--;--;--;--;--;--;--;--;--;--;--;--;--;--;--;--;4.34;132.13;10.46;144.86;14.83;158.52;17.11;172.92;17.06;187.60;14.69;201.97;10.23;215.59;4.04;228.28;--;--;--;--;--;--;--;--;--;--;--;--;--;--;--;--;
2024-11-25;--;--;--;--;--;--;--;--;--;--;--;--;--;--;--;--;4.13;132.16;10.25;144.87;14.63;158.50;16.91;172.86;16.87;187.50;14.52;201.85;10.08;215.45;3.91;228.12;--;--;--;--;--;--;--;--;--;--;--;--;--;--;--;--;
2024-11-26;--;--;--;--;--;--;--;--;--;--;--;--;--;--;--;--;3.93;132.19;10.05;144.87;14.43;158.47;16.72;172.80;16.69;187.41;14.36;201.73;9.93;215.31;3.79;227.97;--;--;--;--;--;--;--;--;--;--;--;--;--;--;--;--;
2024-11-27;--;--;--;--;--;--;--;--;--;--;--;--;--;--;--;--;3.74;132.21;9.85;144.87;14.23;158.44;16.53;172.74;16.52;187.31;14.20;201.61;9.80;215.16;3.67;227.81;--;--;--;--;--;--;--;--;--;--;--;--;--;--;--;--;
2024-11-28;--;--;--;--;--;--;--;--;--;--;--;--;--;--;--;--;3.55;132.23;9.66;144.86;14.04;158.41;16.35;172.67;16.35;187.22;14.05;201.48;9.67;215.02;3.55;227.65;--;--;--;--;--;--;--;--;--;--;--;--;--;--;--;--;
2024-11-29;--;--;--;--;--;--;--;--;--;--;--;--;--;--;--;--;3.36;132.24;9.47;144.85;13.86;158.37;16.17;172.60;16.19;187.12;13.91;201.36;9.54;214.88;3.45;227.50;--;--;--;--;--;--;--;--;--;--;--;--;--;--;--;--;
2024-11-30;--;--;--;--;--;--;--;--;--;--;--;--;--;--;--;--;3.18;132.25;9.29;144.84;13.69;158.32;16.01;172.53;16.04;187.02;13.77;201.23;9.43;214.74;3.35;227.35;--;--;--;--;--;--;--;--;--;--;--;--;--;--;--;--;
2024-12-01;--;--;--;--;--;--;--;--;--;--;--;--;--;--;--;--;3.00;132.25;9.11;144.82;13.51;158.28;15.85;172.45;15.89;186.91;13.64;201.11;9.32;214.60;3.26;227.20;--;--;--;--;--;--;--;--;--;--;--;--;--;--;--;--;
2024-12-02;--;--;--;--;--;--;--;--;--;--;--;--;--;--;--;--;2.83;132.24;8.94;144.79;13.35;158.22;15.69;172.37;15.75;186.81;13.52;200.98;9.22;214.46;3.18;227.05;--;--;--;--;--;--;--;--;--;--;--;--;--;--;--;--;
2024-12-03;--;--;--;--;--;--;--;--;--;--;--;--;--;--;--;--;2.66;132.23;8.78;144.76;13.19;158.17;15.54;172.29;15.62;186.70;13.41;200.86;9.12;214.32;3.10;226.90;--;--;--;--;--;--;--;--;--;--;--;--;--;--;--;--;
2024-12-04;--;--;--;--;--;--;--;--;--;--;--;--;--;--;--;--;2.50;132.22;8.62;144.72;13.04;158.11;15.40;172.21;15.50;186.59;13.30;200.73;9.04;214.18;3.03;226.75;--;--;--;--;--;--;--;--;--;--;--;--;--;--;--;--;
2024-12-05;--;--;--;--;--;--;--;--;--;--;--;--;--;--;--;--;2.34;132.20;8.47;144.68;12.89;158.05;15.27;172.12;15.38;186.49;13.21;200.61;8.96;214.05;2.97;226.61;--;--;--;--;--;--;--;--;--;--;--;--;--;--;--;--;
2024-12-06;--;--;--;--;--;--;--;--;--;--;--;--;--;--;--;--;2.19;132.17;8.32;144.64;12.75;157.98;15.14;172.03;15.27;186.38;13.11;200.48;8.88;213.91;2.91;226.47;--;--;--;--;--;--;--;--;--;--;--;--;--;--;--;--;
2024-12-07;--;--;--;--;--;--;--;--;--;--;--;--;--;--;--;--;2.04;132.14;8.18;144.59;12.62;157.91;15.02;171.94;15.16;186.26;13.03;200.36;8.82;213.77;2.87;226.33;--;--;--;--;--;--;--;--;--;--;--;--;--;--;--;--;
2024-12-08;--;--;--;--;--;--;--;--;--;--;--;--;--;--;--;--;1.90;132.10;8.04;144.54;12.50;157.84;14.91;171.84;15.07;186.15;12.95;200.23;8.76;213.64;2.83;226.19;--;--;--;--;--;--;--;--;--;--;--;--;--;--;--;--;
2024-12-09;--;--;--;--;--;--;--;--;--;--;--;--;--;--;--;--;1.77;132.06;7.91;144.48;12.38;157.76;14.81;171.75;14.98;186.04;12.89;200.10;8.71;213.51;2.79;226.05;--;--;--;--;--;--;--;--;--;--;--;--;--;--;--;--;
2024-12-10;--;--;--;--;--;--;--;--;--;--;--;--;--;--;--;--;1.64;132.02;7.79;144.42;12.27;157.68;14.71;171.65;14.90;185.92;12.82;199.98;8.67;213.38;2.77;225.92;--;--;--;--;--;--;--;--;--;--;--;--;--;--;--;--;
2024-12-11;--;--;--;--;--;--;--;--;--;--;--;--;--;--;--;--;1.51;131.96;7.68;144.35;12.16;157.60;14.62;171.55;14.83;185.81;12.77;199.85;8.63;213.25;2.75;225.79;--;--;--;--;--;--;--;--;--;--;--;--;--;--;--;--;
2024-12-12;--;--;--;--;--;--;--;--;--;--;--;--;--;--;--;--;1.40;131.91;7.57;144.28;12.06;157.51;14.53;171.45;14.76;185.69;12.72;199.73;8.61;213.12;2.74;225.66;--;--;--;--;--;--;--;--;--;--;--;--;--;--;--;--;
2024-12-13;--;--;--;--;--;--;--;--;--;--;--;--;--;--;--;--;1.28;131.85;7.46;144.21;11.97;157.42;14.46;171.34;14.70;185.58;12.68;199.61;8.59;212.99;2.73;225.53;--;--;--;--;--;--;--;--;--;--;--;--;--;--;--;--;
2024-12-14;--;--;--;--;--;--;--;--;--;--;--;--;--;--;--;--;1.18;131.78;7.37;144.13;11.89;157.33;14.39;171.23;14.65;185.46;12.65;199.48;8.57;212.87;2.74;225.41;--;--;--;--;--;--;--;--;--;--;--;--;--;--;--;--;
2024-12-15;--;--;--;--;--;--;--;--;--;--;--;--;--;--;--;--;1.08;131.71;7.28;144.04;11.81;157.23;14.33;171.13;14.61;185.34;12.63;199.36;8.57;212.75;2.75;225.29;--;--;--;--;--;--;--;--;--;--;--;--;--;--;--;--;
2024-12-16;--;--;--;--;--;--;--;--;--;--;--;--;--;--;--;--;0.99;131.64;7.19;143.96;11.74;157.13;14.27;171.02;14.58;185.22;12.61;199.24;8.57;212.63;2.76;225.17;--;--;--;--;--;--;--;--;--;--;--;--;--;--;--;--;
2024-12-17;--;--;--;--;--;--;--;--;--;--;--;--;--;--;--;--;0.90;131.56;7.12;143.87;11.67;157.03;14.23;170.91;14.55;185.11;12.61;199.12;8.58;212.51;2.79;225.05;--;--;--;--;--;--;--;--;--;--;--;--;--;--;--;--;
2024-12-18;--;--;--;--;--;--;--;--;--;--;--;--;--;--;--;--;0.82;131.48;7.05;143.78;11.62;156.93;14.19;170.79;14.53;184.99;12.61;199.00;8.59;212.39;2.82;224.94;--;--;--;--;--;--;--;--;--;--;--;--;--;--;--;--;
2024-12-19;--;--;--;--;--;--;--;--;--;--;--;--;--;--;--;--;0.74;131.39;6.98;143.68;11.57;156.82;14.16;170.68;14.52;184.87;12.61;198.89;8.62;212.28;2.86;224.83;--;--;--;--;--;--;--;--;--;--;--;--;--;--;--;--;
2024-12-20;--;--;--;--;--;--;--;--;--;--;--;--;--;--;--;--;0.68;131.30;6.93;143.58;11.53;156.71;14.13;170.56;14.51;184.75;12.63;198.77;8.65;212.17;2.90;224.73;--;--;--;--;--;--;--;--;--;--;--;--;--;--;--;--;
2024-12-21;--;--;--;--;--;--;--;--;--;--;--;--;--;--;--;--;0.61;131.20;6.88;143.47;11.50;156.60;14.12;170.45;14.52;184.64;12.65;198.65;8.69;212.06;2.95;224.63;--;--;--;--;--;--;--;--;--;--;--;--;--;--;--;--;
2024-12-22;--;--;--;--;--;--;--;--;--;--;--;--;--;--;--;--;0.56;131.10;6.84;143.37;11.47;156.49;14.11;170.33;14.53;184.52;12.68;198.54;8.73;211.95;3.01;224.53;--;--;--;--;--;--;--;--;--;--;--;--;--;--;--;--;
2024-12-23;--;--;--;--;--;--;--;--;--;--;--;--;--;--;--;--;0.51;131.00;6.80;143.26;11.45;156.37;14.11;170.21;14.55;184.40;12.72;198.43;8.79;211.85;3.08;224.44;--;--;--;--;--;--;--;--;--;--;--;--;--;--;--;--;
2024-12-24;--;--;--;--;--;--;--;--;--;--;--;--;--;--;--;--;0.47;130.89;6.77;143.14;11.44;156.25;14.12;170.09;14.57;184.28;12.76;198.32;8.85;211.75;3.15;224.35;--;--;--;--;--;--;--;--;--;--;--;--;--;--;--;--;
2024-12-25;--;--;--;--;--;--;--;--;--;--;--;--;--;--;--;--;0.44;130.78;6.75;143.03;11.43;156.13;14.13;169.97;14.61;184.17;12.81;198.21;8.91;211.65;3.23;224.26;--;--;--;--;--;--;--;--;--;--;--;--;--;--;--;--;
2024-12-26;--;--;--;--;--;--;--;--;--;--;--;--;--;--;--;--;0.41;130.66;6.74;142.91;11.44;156.01;14.15;169.85;14.65;184.05;12.87;198.11;8.99;211.56;3.32;224.18;--;--;--;--;--;--;--;--;--;--;--;--;--;--;--;--;
2024-12-27;--;--;--;--;--;--;--;--;--;--;--;--;--;--;--;--;0.39;130.54;6.73;142.79;11.45;155.89;14.18;169.73;14.70;183.94;12.94;198.00;9.07;211.47;3.41;224.10;--;--;--;--;--;--;--;--;--;--;--;--;--;--;--;--;
2024-12-28;--;--;--;--;--;--;--;--;--;--;--;--;--;--;--;--;0.37;130.42;6.73;142.66;11.47;155.77;14.22;169.61;14.75;183.83;13.01;197.90;9.16;211.38;3.51;224.02;--;--;--;--;--;--;--;--;--;--;--;--;--;--;--;--;
2024-12-29;--;--;--;--;--;--;--;--;--;--;--;--;--;--;--;--;0.37;130.29;6.74;142.54;11.49;155.64;14.27;169.49;14.82;183.71;13.09;197.80;9.25;211.29;3.61;223.95;--;--;--;--;--;--;--;--;--;--;--;--;--;--;--;--;
2024-12-30;--;--;--;--;--;--;--;--;--;--;--;--;--;--;--;--;0.37;130.16;6.76;142.41;11.53;155.51;14.32;169.37;14.89;183.60;13.18;197.71;9.36;211.21;3.73;223.89;--;--;--;--;--;--;--;--;--;--;--;--;--;--;--;--;
2024-12-31;--;--;--;--;--;--;--;--;--;--;--;--;--;--;--;--;0.37;130.03;6.78;142.28;11.57;155.38;14.38;169.24;14.97;183.49;13.28;197.61;9.47;211.14;3.84;223.82;--;--;--;--;--;--;--;--;--;--;--;--;--;--;--;--;
